loan_id,amount_loan,duration_loan,payments_loan,status_loan,frequency_account,n.of trans,op 1,op 2,op 3,op 4,op 5,type 1,type 2,type 3,avg trans amount,avg trans balance,n_banks,no. of inhabitants,no. of municipalities with inhabitants < 499,no. of municipalities with inhabitants 500-1999,no. of municipalities with inhabitants 2000-9999,no. of municipalities with inhabitants >10000,no. of cities,ratio of urban inhabitants,average salary,unemploymant rate '95,unemploymant rate '96,nr_clients,birth_date,sex,has card,criminality per capita 95,criminality per capita 96,age_loan,age_account_loan
5314.0,96396.0,12.0,8033.0,1.0,1,4.0,4.0,0.0,0.0,0.0,0.0,0.0,0.0,4.0,5025.0,12250.0,0.0,94812.0,15.0,13.0,8.0,2.0,10.0,81.8,9650.0,3.38,3.67,1.0,470722,0,0,3.564949584440788e-05,3.8708180399105596e-05,45.9983,0.0383
5316.0,165960.0,36.0,4610.0,0.0,0,37.0,12.0,0.0,12.0,0.0,8.0,18.0,2.0,17.0,11015.64,52083.86,3.0,112709.0,48.0,20.0,7.0,3.0,10.0,73.5,8369.0,1.79,2.31,1.0,680722,1,0,1.588160661526586e-05,2.0495257699030246e-05,24.9989,0.0498
6863.0,127080.0,60.0,2118.0,0.0,0,24.0,2.0,0.0,6.0,5.0,3.0,9.0,0.0,15.0,5417.46,30060.95,2.0,77917.0,85.0,19.0,6.0,1.0,5.0,53.5,8390.0,2.28,2.89,1.0,360602,1,0,2.926190690093304e-05,3.7090750413901976e-05,57.0126,0.052
6668.0,74736.0,36.0,2076.0,0.0,0,67.0,14.0,0.0,33.0,0.0,8.0,41.0,0.0,26.0,8191.96,37913.0,1.0,77917.0,85.0,19.0,6.0,1.0,5.0,53.5,8390.0,2.28,2.89,1.0,651029,1,0,2.926190690093304e-05,3.7090750413901976e-05,28.9701,1.0104
5160.0,204000.0,60.0,3400.0,0.0,0,65.0,2.0,0.0,32.0,12.0,8.0,37.0,3.0,25.0,7701.99,37809.4,2.0,77917.0,85.0,19.0,6.0,1.0,5.0,53.5,8390.0,2.28,2.89,1.0,440506,1,0,2.926190690093304e-05,3.7090750413901976e-05,51.0712,1.0001
6461.0,74124.0,36.0,2059.0,0.0,1,122.0,24.0,0.0,50.0,0.0,33.0,83.0,0.0,39.0,9023.63,54371.3,3.0,107870.0,84.0,29.0,6.0,1.0,6.0,58.0,8754.0,3.83,4.31,1.0,390413,0,0,3.550570130712895e-05,3.9955501993139886e-05,57.0506,1.051
7271.0,392460.0,60.0,6541.0,0.0,0,143.0,2.0,0.0,79.0,22.0,18.0,88.0,9.0,46.0,12882.52,57131.74,2.0,107870.0,84.0,29.0,6.0,1.0,6.0,58.0,8754.0,3.83,4.31,2.0,801113,0,0,3.550570130712895e-05,3.9955501993139886e-05,15.9889,1.9878
6820.0,38148.0,12.0,3179.0,0.0,0,29.0,2.0,0.0,7.0,6.0,4.0,10.0,1.0,18.0,8369.56,37462.09,4.0,1204953.0,0.0,0.0,0.0,1.0,1.0,100.0,12541.0,0.29,0.43,1.0,650122,0,0,2.4067328767180127e-07,3.568603920650847e-07,28.1094,0.0588
4959.0,80952.0,24.0,3373.0,0.0,0,54.0,2.0,0.0,27.0,10.0,5.0,29.0,3.0,22.0,7954.26,32590.62,2.0,1204953.0,0.0,0.0,0.0,1.0,1.0,100.0,12541.0,0.29,0.43,2.0,450204,1,0,2.4067328767180127e-07,3.568603920650847e-07,48.9901,0.9879
6499.0,80952.0,24.0,3373.0,0.0,0,54.0,2.0,0.0,27.0,10.0,5.0,29.0,3.0,22.0,7937.75,33312.54,2.0,1204953.0,0.0,0.0,0.0,1.0,1.0,100.0,12541.0,0.29,0.43,2.0,450204,1,0,2.4067328767180127e-07,3.568603920650847e-07,48.9901,0.9879
5479.0,24516.0,12.0,2043.0,0.0,0,73.0,21.0,0.0,42.0,0.0,0.0,33.0,9.0,31.0,16201.56,55582.23,0.0,1204953.0,0.0,0.0,0.0,1.0,1.0,100.0,12541.0,0.29,0.43,1.0,581007,1,0,2.4067328767180127e-07,3.568603920650847e-07,35.9103,0.9883
6736.0,288360.0,60.0,4806.0,0.0,2,10.0,4.0,0.0,2.0,0.0,0.0,2.0,0.0,8.0,8585.04,33211.76,0.0,1204953.0,0.0,0.0,0.0,1.0,1.0,100.0,12541.0,0.29,0.43,1.0,351215,1,0,2.4067328767180127e-07,3.568603920650847e-07,58.9399,0.0387
7220.0,131292.0,36.0,3647.0,0.0,1,83.0,2.0,0.0,44.0,14.0,10.0,53.0,1.0,29.0,7915.58,36635.12,2.0,1204953.0,0.0,0.0,0.0,1.0,1.0,100.0,12541.0,0.29,0.43,1.0,540320,1,0,2.4067328767180127e-07,3.568603920650847e-07,40.0408,1.0199
6919.0,120888.0,36.0,3358.0,0.0,1,96.0,21.0,0.0,48.0,0.0,12.0,56.0,4.0,36.0,9301.09,40838.76,1.0,1204953.0,0.0,0.0,0.0,1.0,1.0,100.0,12541.0,0.29,0.43,1.0,440420,0,0,2.4067328767180127e-07,3.568603920650847e-07,50.0385,1.0478
6038.0,323472.0,48.0,6739.0,0.0,0,57.0,19.0,0.0,24.0,0.0,5.0,25.0,4.0,28.0,12422.02,45414.07,1.0,1204953.0,0.0,0.0,0.0,1.0,1.0,100.0,12541.0,0.29,0.43,1.0,401015,0,0,2.4067328767180127e-07,3.568603920650847e-07,53.9795,1.0189
6229.0,11736.0,24.0,489.0,0.0,0,133.0,19.0,0.0,59.0,0.0,38.0,97.0,0.0,36.0,6032.84,42224.44,3.0,1204953.0,0.0,0.0,0.0,1.0,1.0,100.0,12541.0,0.29,0.43,1.0,380916,1,0,2.4067328767180127e-07,3.568603920650847e-07,56.0086,1.058
7142.0,482940.0,60.0,8049.0,1.0,0,130.0,26.0,0.0,40.0,0.0,34.0,74.0,0.0,56.0,4060.68,26358.75,3.0,1204953.0,0.0,0.0,0.0,1.0,1.0,100.0,12541.0,0.29,0.43,1.0,760521,0,0,2.4067328767180127e-07,3.568603920650847e-07,18.0698,1.039
5576.0,31248.0,12.0,2604.0,0.0,0,120.0,33.0,0.0,69.0,0.0,0.0,61.0,8.0,51.0,13845.46,64493.1,0.0,1204953.0,0.0,0.0,0.0,1.0,1.0,100.0,12541.0,0.29,0.43,1.0,390315,0,0,2.4067328767180127e-07,3.568603920650847e-07,55.0906,1.0691
5739.0,76380.0,12.0,6365.0,0.0,0,45.0,12.0,0.0,13.0,0.0,12.0,25.0,0.0,20.0,3571.59,26122.85,2.0,1204953.0,0.0,0.0,0.0,1.0,1.0,100.0,12541.0,0.29,0.43,1.0,570628,0,0,2.4067328767180127e-07,3.568603920650847e-07,37.9474,0.9601
6244.0,270648.0,36.0,7518.0,1.0,1,72.0,16.0,0.0,36.0,0.0,0.0,36.0,0.0,36.0,12958.56,60819.98,0.0,1204953.0,0.0,0.0,0.0,1.0,1.0,100.0,12541.0,0.29,0.43,1.0,371104,1,0,2.4067328767180127e-07,3.568603920650847e-07,57.9004,0.9801
6960.0,76416.0,24.0,3184.0,0.0,0,153.0,13.0,0.0,60.0,22.0,36.0,89.0,7.0,57.0,6527.34,31375.16,3.0,1204953.0,0.0,0.0,0.0,1.0,1.0,100.0,12541.0,0.29,0.43,2.0,370902,1,0,2.4067328767180127e-07,3.568603920650847e-07,57.9209,1.9798
5724.0,316140.0,60.0,5269.0,1.0,0,139.0,38.0,0.0,79.0,0.0,0.0,79.0,0.0,60.0,3872.07,18632.93,0.0,1204953.0,0.0,0.0,0.0,1.0,1.0,100.0,12541.0,0.29,0.43,1.0,680222,1,0,2.4067328767180127e-07,3.568603920650847e-07,26.9983,1.9881
7241.0,168984.0,24.0,7041.0,1.0,0,160.0,36.0,0.0,86.0,0.0,0.0,78.0,8.0,74.0,11357.39,56054.0,0.0,1204953.0,0.0,0.0,0.0,1.0,1.0,100.0,12541.0,0.29,0.43,1.0,760318,1,0,2.4067328767180127e-07,3.568603920650847e-07,18.9986,1.9494
6546.0,31728.0,24.0,1322.0,0.0,0,117.0,23.0,0.0,62.0,0.0,14.0,76.0,0.0,41.0,5173.09,31139.75,1.0,1204953.0,0.0,0.0,0.0,1.0,1.0,100.0,12541.0,0.29,0.43,2.0,500410,1,0,2.4067328767180127e-07,3.568603920650847e-07,44.9917,1.9422
5740.0,18564.0,12.0,1547.0,0.0,0,13.0,5.0,0.0,4.0,0.0,0.0,4.0,0.0,9.0,8589.67,35538.05,0.0,1204953.0,0.0,0.0,0.0,1.0,1.0,100.0,12541.0,0.29,0.43,1.0,630204,0,0,2.4067328767180127e-07,3.568603920650847e-07,32.0198,0.9277
7008.0,36168.0,12.0,3014.0,0.0,0,36.0,2.0,0.0,13.0,7.0,8.0,20.0,1.0,15.0,6931.62,39063.77,3.0,1204953.0,0.0,0.0,0.0,1.0,1.0,100.0,12541.0,0.29,0.43,1.0,610819,1,0,2.4067328767180127e-07,3.568603920650847e-07,34.0103,0.0618
7057.0,231696.0,36.0,6436.0,0.0,1,126.0,3.0,0.0,57.0,16.0,35.0,83.0,9.0,34.0,10683.37,45873.62,3.0,1204953.0,0.0,0.0,0.0,1.0,1.0,100.0,12541.0,0.29,0.43,2.0,730530,1,0,2.4067328767180127e-07,3.568603920650847e-07,22.049,1.0319
7304.0,419880.0,60.0,6998.0,0.0,1,18.0,2.0,0.0,6.0,5.0,1.0,7.0,0.0,11.0,24426.47,59352.83,1.0,1204953.0,0.0,0.0,0.0,1.0,1.0,100.0,12541.0,0.29,0.43,2.0,451030,0,0,2.4067328767180127e-07,3.568603920650847e-07,49.9999,0.0503
6185.0,31176.0,24.0,1299.0,0.0,0,23.0,7.0,0.0,9.0,0.0,2.0,11.0,0.0,12.0,9027.32,46304.15,2.0,1204953.0,0.0,0.0,0.0,1.0,1.0,100.0,12541.0,0.29,0.43,1.0,680129,1,0,2.4067328767180127e-07,3.568603920650847e-07,27.0999,0.052
6785.0,125340.0,60.0,2089.0,0.0,1,127.0,29.0,0.0,57.0,0.0,13.0,62.0,8.0,57.0,9686.67,51145.52,1.0,1204953.0,0.0,0.0,0.0,1.0,1.0,100.0,12541.0,0.29,0.43,1.0,440615,1,0,2.4067328767180127e-07,3.568603920650847e-07,51.061,1.032
6698.0,247728.0,48.0,5161.0,0.0,1,50.0,11.0,0.0,21.0,0.0,6.0,25.0,2.0,23.0,12112.08,60054.73,2.0,1204953.0,0.0,0.0,0.0,1.0,1.0,100.0,12541.0,0.29,0.43,1.0,790619,1,0,2.4067328767180127e-07,3.568603920650847e-07,16.9691,0.9502
6063.0,320976.0,48.0,6687.0,1.0,0,50.0,1.0,0.0,27.0,8.0,0.0,24.0,3.0,23.0,15093.96,49482.97,1.0,1204953.0,0.0,0.0,0.0,1.0,1.0,100.0,12541.0,0.29,0.43,1.0,360809,1,0,2.4067328767180127e-07,3.568603920650847e-07,59.9616,0.9607
5429.0,20196.0,36.0,561.0,0.0,0,96.0,18.0,0.0,49.0,0.0,13.0,62.0,0.0,34.0,8501.32,52636.6,1.0,1204953.0,0.0,0.0,0.0,1.0,1.0,100.0,12541.0,0.29,0.43,1.0,710225,1,0,2.4067328767180127e-07,3.568603920650847e-07,25.0493,1.0507
6012.0,258444.0,36.0,7179.0,0.0,1,16.0,7.0,0.0,4.0,0.0,0.0,4.0,0.0,12.0,8680.76,40688.14,0.0,1204953.0,0.0,0.0,0.0,1.0,1.0,100.0,12541.0,0.29,0.43,1.0,660527,1,0,2.4067328767180127e-07,3.568603920650847e-07,30.0276,0.0692
5385.0,71460.0,36.0,1985.0,0.0,0,31.0,9.0,0.0,12.0,0.0,3.0,15.0,0.0,16.0,10132.92,49220.98,1.0,1204953.0,0.0,0.0,0.0,1.0,1.0,100.0,12541.0,0.29,0.43,2.0,800831,0,0,2.4067328767180127e-07,3.568603920650847e-07,16.0078,0.0796
7194.0,68832.0,36.0,1912.0,0.0,0,53.0,14.0,0.0,23.0,0.0,6.0,29.0,0.0,24.0,7828.98,37557.05,1.0,1204953.0,0.0,0.0,0.0,1.0,1.0,100.0,12541.0,0.29,0.43,1.0,590701,1,0,2.4067328767180127e-07,3.568603920650847e-07,37.0216,0.9894
5375.0,101520.0,12.0,8460.0,0.0,0,38.0,10.0,0.0,16.0,0.0,4.0,20.0,0.0,18.0,5370.04,26449.09,1.0,1204953.0,0.0,0.0,0.0,1.0,1.0,100.0,12541.0,0.29,0.43,1.0,761012,0,0,2.4067328767180127e-07,3.568603920650847e-07,19.9991,0.0802
5635.0,77184.0,36.0,2144.0,0.0,0,77.0,20.0,0.0,41.0,0.0,0.0,39.0,2.0,36.0,14561.26,50722.27,0.0,1204953.0,0.0,0.0,0.0,1.0,1.0,100.0,12541.0,0.29,0.43,1.0,541209,0,0,2.4067328767180127e-07,3.568603920650847e-07,41.9795,1.0693
6817.0,70656.0,48.0,1472.0,0.0,0,53.0,11.0,0.0,20.0,0.0,4.0,24.0,0.0,29.0,5188.34,32646.85,1.0,1204953.0,0.0,0.0,0.0,1.0,1.0,100.0,12541.0,0.29,0.43,1.0,520726,1,0,2.4067328767180127e-07,3.568603920650847e-07,44.0278,0.0899
6309.0,110136.0,24.0,4589.0,0.0,0,63.0,17.0,0.0,28.0,0.0,6.0,34.0,0.0,29.0,11660.54,50815.8,1.0,1204953.0,0.0,0.0,0.0,1.0,1.0,100.0,12541.0,0.29,0.43,1.0,580224,0,0,2.4067328767180127e-07,3.568603920650847e-07,38.0887,1.0603
6940.0,228276.0,36.0,6341.0,0.0,0,20.0,8.0,0.0,7.0,0.0,0.0,7.0,0.0,13.0,7186.86,41402.13,0.0,1204953.0,0.0,0.0,0.0,1.0,1.0,100.0,12541.0,0.29,0.43,2.0,610803,1,0,2.4067328767180127e-07,3.568603920650847e-07,35.0319,0.0513
6687.0,87840.0,24.0,3660.0,0.0,0,17.0,2.0,0.0,3.0,4.0,0.0,3.0,0.0,14.0,9496.93,46318.55,1.0,53921.0,61.0,22.0,1.0,1.0,2.0,41.3,8598.0,2.77,3.26,2.0,800216,0,0,5.1371450826208714e-05,6.04588193839135e-05,13.0697,0.0401
6027.0,61656.0,24.0,2569.0,1.0,1,12.0,6.0,0.0,3.0,0.0,0.0,3.0,0.0,9.0,16007.96,44763.46,0.0,53921.0,61.0,22.0,1.0,1.0,2.0,41.3,8598.0,2.77,3.26,1.0,531225,0,0,5.1371450826208714e-05,6.04588193839135e-05,42.8985,0.9383
6137.0,44628.0,12.0,3719.0,0.0,1,146.0,2.0,0.0,87.0,21.0,16.0,91.0,12.0,43.0,14238.08,49477.32,2.0,53921.0,61.0,22.0,1.0,1.0,2.0,41.3,8598.0,2.77,3.26,1.0,431126,1,0,5.1371450826208714e-05,6.04588193839135e-05,52.9284,1.9696
5082.0,262980.0,60.0,4383.0,0.0,0,56.0,13.0,0.0,32.0,0.0,0.0,32.0,0.0,24.0,7310.24,41729.62,0.0,53921.0,61.0,22.0,1.0,1.0,2.0,41.3,8598.0,2.77,3.26,1.0,660309,0,0,5.1371450826208714e-05,6.04588193839135e-05,30.0715,1.0003
7284.0,52788.0,12.0,4399.0,0.0,0,43.0,14.0,0.0,14.0,0.0,8.0,22.0,0.0,21.0,3714.9,22198.18,2.0,58796.0,22.0,16.0,7.0,1.0,5.0,51.9,9045.0,3.13,3.6,1.0,730216,1,0,5.3234913939723786e-05,6.122865501054494e-05,20.0699,0.0801
6210.0,87216.0,48.0,1817.0,1.0,0,33.0,3.0,0.0,12.0,6.0,0.0,11.0,1.0,21.0,4041.38,28362.25,1.0,58796.0,22.0,16.0,7.0,1.0,5.0,51.9,9045.0,3.13,3.6,1.0,640513,1,0,5.3234913939723786e-05,6.122865501054494e-05,30.0093,0.948
5980.0,21396.0,12.0,1783.0,0.0,0,78.0,5.0,0.0,44.0,15.0,0.0,38.0,6.0,34.0,4644.44,30812.95,1.0,58796.0,22.0,16.0,7.0,1.0,5.0,51.9,9045.0,3.13,3.6,2.0,680909,1,0,5.3234913939723786e-05,6.122865501054494e-05,26.9909,1.0214
6144.0,44376.0,12.0,3698.0,0.0,0,39.0,13.0,0.0,17.0,0.0,4.0,16.0,5.0,18.0,15332.39,53505.22,1.0,58796.0,22.0,16.0,7.0,1.0,5.0,51.9,9045.0,3.13,3.6,1.0,620523,1,0,5.3234913939723786e-05,6.122865501054494e-05,34.0286,0.0582
6111.0,174744.0,24.0,7281.0,1.0,0,32.0,11.0,0.0,16.0,0.0,0.0,14.0,2.0,16.0,11557.95,37485.46,0.0,122603.0,25.0,21.0,6.0,2.0,8.0,80.0,8991.0,1.39,2.01,1.0,480812,0,0,1.1337406099361353e-05,1.639437860411246e-05,45.0112,0.051
6650.0,49320.0,12.0,4110.0,1.0,2,49.0,12.0,0.0,22.0,0.0,10.0,30.0,2.0,17.0,10548.36,46576.28,2.0,122603.0,25.0,21.0,6.0,2.0,8.0,80.0,8991.0,1.39,2.01,1.0,451003,0,0,1.1337406099361353e-05,1.639437860411246e-05,48.9214,0.9314
7034.0,19044.0,36.0,529.0,0.0,0,69.0,16.0,0.0,40.0,0.0,0.0,40.0,0.0,29.0,6600.44,43121.76,0.0,122603.0,25.0,21.0,6.0,2.0,8.0,80.0,8991.0,1.39,2.01,1.0,740405,0,0,1.1337406099361353e-05,1.639437860411246e-05,22.0306,1.0183
5897.0,15192.0,24.0,633.0,0.0,0,169.0,26.0,0.0,68.0,0.0,54.0,122.0,0.0,47.0,4099.69,29941.91,3.0,122603.0,25.0,21.0,6.0,2.0,8.0,80.0,8991.0,1.39,2.01,1.0,721227,0,0,1.1337406099361353e-05,1.639437860411246e-05,23.9698,1.9815
7235.0,154416.0,48.0,3217.0,0.0,1,32.0,10.0,0.0,16.0,0.0,0.0,14.0,2.0,16.0,9740.15,46715.8,0.0,70699.0,60.0,13.0,2.0,1.0,4.0,65.3,8968.0,2.83,3.35,1.0,690525,0,0,4.0028854722131854e-05,4.738397997142817e-05,24.0488,0.0593
5997.0,117024.0,24.0,4876.0,0.0,0,13.0,1.0,0.0,4.0,4.0,0.0,4.0,0.0,9.0,14122.58,44131.17,1.0,177686.0,69.0,27.0,10.0,1.0,9.0,74.8,10045.0,1.42,1.71,1.0,351003,1,0,7.991625676755625e-06,9.623718244543745e-06,58.0101,0.0484
6734.0,173016.0,36.0,4806.0,0.0,1,94.0,29.0,0.0,47.0,0.0,0.0,42.0,5.0,47.0,13519.83,61799.24,0.0,177686.0,69.0,27.0,10.0,1.0,9.0,74.8,10045.0,1.42,1.71,1.0,450223,0,0,7.991625676755625e-06,9.623718244543745e-06,51.0307,0.9813
5611.0,321180.0,60.0,5353.0,0.0,0,38.0,2.0,0.0,17.0,8.0,4.0,18.0,3.0,17.0,13585.03,40524.46,2.0,177686.0,69.0,27.0,10.0,1.0,9.0,74.8,10045.0,1.42,1.71,2.0,360907,1,0,7.991625676755625e-06,9.623718244543745e-06,60.0208,0.0788
7101.0,421008.0,48.0,8771.0,0.0,0,50.0,13.0,0.0,22.0,0.0,6.0,28.0,0.0,22.0,8521.96,37436.42,1.0,177686.0,69.0,27.0,10.0,1.0,9.0,74.8,10045.0,1.42,1.71,1.0,530601,1,0,7.991625676755625e-06,9.623718244543745e-06,43.0517,0.0999
7121.0,21924.0,36.0,609.0,0.0,0,45.0,12.0,0.0,19.0,0.0,5.0,24.0,0.0,21.0,5957.54,34272.21,1.0,157042.0,49.0,70.0,18.0,0.0,9.0,33.9,8743.0,1.88,2.43,2.0,600820,1,0,1.1971319774327886e-05,1.5473567580647218e-05,33.029,0.0993
6064.0,14628.0,12.0,1219.0,0.0,0,102.0,16.0,0.0,40.0,0.0,33.0,73.0,0.0,29.0,4093.04,32788.14,2.0,157042.0,49.0,70.0,18.0,0.0,9.0,33.9,8743.0,1.88,2.43,1.0,490308,0,0,1.1971319774327886e-05,1.5473567580647218e-05,45.0496,1.0103
7061.0,121896.0,24.0,5079.0,0.0,0,93.0,24.0,0.0,54.0,0.0,0.0,47.0,7.0,39.0,13230.34,54422.6,0.0,157042.0,49.0,70.0,18.0,0.0,9.0,33.9,8743.0,1.88,2.43,1.0,650307,1,0,1.1971319774327886e-05,1.5473567580647218e-05,29.052,1.0399
6624.0,71460.0,12.0,5955.0,0.0,0,43.0,12.0,0.0,19.0,0.0,4.0,22.0,1.0,20.0,10433.44,47991.53,1.0,157042.0,49.0,70.0,18.0,0.0,9.0,33.9,8743.0,1.88,2.43,2.0,450803,1,0,1.1971319774327886e-05,1.5473567580647218e-05,49.0127,0.9822
7154.0,417600.0,60.0,6960.0,0.0,2,34.0,8.0,4.0,9.0,0.0,0.0,13.0,0.0,21.0,8159.97,43196.74,0.0,157042.0,49.0,70.0,18.0,0.0,9.0,33.9,8743.0,1.88,2.43,1.0,701012,1,1,1.1971319774327886e-05,1.5473567580647218e-05,26.0193,1.0181
6077.0,79608.0,24.0,3317.0,0.0,0,53.0,1.0,0.0,31.0,11.0,0.0,28.0,3.0,22.0,17600.36,69954.57,1.0,105606.0,77.0,26.0,7.0,2.0,7.0,53.0,8254.0,2.79,3.76,1.0,700428,1,0,2.6418953468552924e-05,3.560403764937598e-05,23.0694,0.1009
6103.0,149340.0,60.0,2489.0,0.0,1,56.0,3.0,0.0,27.0,10.0,6.0,32.0,1.0,23.0,5778.79,29069.12,1.0,105606.0,77.0,26.0,7.0,2.0,7.0,53.0,8254.0,2.79,3.76,1.0,630201,1,0,2.6418953468552924e-05,3.560403764937598e-05,31.0206,0.9886
7227.0,314520.0,60.0,5242.0,0.0,1,130.0,40.0,0.0,62.0,0.0,12.0,72.0,2.0,56.0,15168.36,63527.42,1.0,105606.0,77.0,26.0,7.0,2.0,7.0,53.0,8254.0,2.79,3.76,1.0,551118,0,0,2.6418953468552924e-05,3.560403764937598e-05,39.9884,1.0397
5593.0,277884.0,36.0,7719.0,1.0,0,117.0,26.0,0.0,71.0,0.0,0.0,70.0,1.0,46.0,10720.31,46487.0,0.0,105606.0,77.0,26.0,7.0,2.0,7.0,53.0,8254.0,2.79,3.76,1.0,800917,0,0,2.6418953468552924e-05,3.560403764937598e-05,15.9501,1.9892
6474.0,63360.0,60.0,1056.0,0.0,0,119.0,29.0,0.0,54.0,0.0,16.0,70.0,0.0,49.0,3181.77,29108.36,1.0,75685.0,31.0,28.0,5.0,1.0,9.0,60.8,8208.0,1.89,2.26,2.0,550814,1,0,2.4971923102332033e-05,2.9860606460989624e-05,39.9792,1.97
5523.0,93888.0,36.0,2608.0,0.0,2,19.0,2.0,0.0,7.0,5.0,0.0,7.0,0.0,12.0,7121.92,37510.49,1.0,86513.0,38.0,36.0,5.0,1.0,5.0,50.5,8288.0,3.79,4.52,1.0,501020,0,0,4.380844497358779e-05,5.2246483187497826e-05,43.0188,0.0503
5657.0,4980.0,12.0,415.0,0.0,0,46.0,11.0,0.0,17.0,0.0,10.0,27.0,0.0,19.0,3932.5,30533.37,3.0,86513.0,38.0,36.0,5.0,1.0,5.0,50.5,8288.0,3.79,4.52,1.0,520726,0,0,4.380844497358779e-05,5.2246483187497826e-05,41.9979,0.96
6526.0,288468.0,36.0,8013.0,0.0,0,17.0,6.0,0.0,3.0,0.0,0.0,3.0,0.0,14.0,8402.38,36999.52,0.0,86513.0,38.0,36.0,5.0,1.0,5.0,50.5,8288.0,3.79,4.52,1.0,581026,0,0,4.380844497358779e-05,5.2246483187497826e-05,36.9077,0.9274
6509.0,55368.0,24.0,2307.0,0.0,0,98.0,25.0,0.0,51.0,0.0,0.0,39.0,12.0,47.0,8702.48,46061.32,0.0,197099.0,29.0,41.0,10.0,2.0,10.0,74.7,9624.0,1.60,2.31,1.0,391225,0,0,8.117747933779472e-06,1.1719998579394111e-05,54.909,0.9997
6808.0,227880.0,36.0,6330.0,0.0,0,83.0,21.0,0.0,38.0,0.0,0.0,36.0,2.0,45.0,8156.79,45134.72,0.0,197099.0,29.0,41.0,10.0,2.0,10.0,74.7,9624.0,1.60,2.31,2.0,551104,0,0,8.117747933779472e-06,1.1719998579394111e-05,38.9908,1.0087
6745.0,47304.0,24.0,1971.0,0.0,0,167.0,42.0,0.0,77.0,0.0,14.0,83.0,8.0,76.0,13867.85,68740.02,1.0,197099.0,29.0,41.0,10.0,2.0,10.0,74.7,9624.0,1.60,2.31,1.0,710803,1,0,8.117747933779472e-06,1.1719998579394111e-05,23.9607,1.93
6764.0,33984.0,48.0,708.0,0.0,0,70.0,14.0,0.0,34.0,0.0,0.0,34.0,0.0,36.0,4598.14,38587.76,0.0,197099.0,29.0,41.0,10.0,2.0,10.0,74.7,9624.0,1.60,2.31,1.0,720804,1,0,8.117747933779472e-06,1.1719998579394111e-05,23.0022,1.0002
6933.0,188688.0,48.0,3931.0,0.0,0,22.0,2.0,0.0,9.0,5.0,1.0,7.0,3.0,12.0,10873.77,42203.17,2.0,197099.0,29.0,41.0,10.0,2.0,10.0,74.7,9624.0,1.60,2.31,1.0,650723,0,0,8.117747933779472e-06,1.1719998579394111e-05,30.0186,0.0507
5494.0,360000.0,48.0,7500.0,0.0,2,136.0,2.0,0.0,79.0,19.0,0.0,72.0,7.0,57.0,14897.4,51149.66,1.0,197099.0,29.0,41.0,10.0,2.0,10.0,74.7,9624.0,1.60,2.31,1.0,730307,0,0,8.117747933779472e-06,1.1719998579394111e-05,23.0306,1.95
5725.0,444864.0,48.0,9268.0,0.0,0,64.0,17.0,0.0,25.0,0.0,12.0,37.0,0.0,27.0,6433.18,32404.77,2.0,197099.0,29.0,41.0,10.0,2.0,10.0,74.7,9624.0,1.60,2.31,2.0,640329,1,0,8.117747933779472e-06,1.1719998579394111e-05,32.0394,0.9908
6283.0,85632.0,48.0,1784.0,0.0,0,85.0,23.0,0.0,47.0,0.0,0.0,46.0,1.0,38.0,15232.29,65066.74,0.0,197099.0,29.0,41.0,10.0,2.0,10.0,74.7,9624.0,1.60,2.31,1.0,490407,0,0,8.117747933779472e-06,1.1719998579394111e-05,47.0404,1.0406
6995.0,96168.0,12.0,8014.0,0.0,1,149.0,27.0,0.0,65.0,0.0,0.0,59.0,6.0,84.0,8240.56,50492.69,0.0,197099.0,29.0,41.0,10.0,2.0,10.0,74.7,9624.0,1.60,2.31,1.0,720812,0,0,8.117747933779472e-06,1.1719998579394111e-05,24.0114,1.0807
6585.0,372120.0,60.0,6202.0,0.0,0,172.0,50.0,0.0,101.0,0.0,0.0,91.0,10.0,71.0,15182.1,64044.05,0.0,197099.0,29.0,41.0,10.0,2.0,10.0,74.7,9624.0,1.60,2.31,2.0,450126,1,0,8.117747933779472e-06,1.1719998579394111e-05,51.0903,1.0924
6073.0,276300.0,60.0,4605.0,0.0,0,92.0,30.0,0.0,36.0,0.0,11.0,47.0,0.0,45.0,3104.78,25997.56,1.0,197099.0,29.0,41.0,10.0,2.0,10.0,74.7,9624.0,1.60,2.31,1.0,760706,1,0,8.117747933779472e-06,1.1719998579394111e-05,20.0406,1.0398
7104.0,259740.0,60.0,4329.0,0.0,0,17.0,1.0,0.0,6.0,5.0,1.0,7.0,0.0,10.0,13038.09,45198.15,2.0,228848.0,15.0,40.0,18.0,2.0,6.0,57.2,9893.0,4.09,4.72,1.0,790316,1,0,1.7872124729077816e-05,2.0625043697126477e-05,14.0897,0.0502
6737.0,76680.0,24.0,3195.0,0.0,0,143.0,2.0,0.0,64.0,17.0,26.0,82.0,8.0,53.0,9877.5,62933.47,3.0,228848.0,15.0,40.0,18.0,2.0,6.0,57.2,9893.0,4.09,4.72,2.0,490107,1,0,1.7872124729077816e-05,2.0625043697126477e-05,46.0204,1.9399
5352.0,68400.0,12.0,5700.0,1.0,0,14.0,4.0,0.0,5.0,0.0,0.0,5.0,0.0,9.0,7253.3,31793.74,0.0,228848.0,15.0,40.0,18.0,2.0,6.0,57.2,9893.0,4.09,4.72,1.0,760609,0,0,1.7872124729077816e-05,2.0625043697126477e-05,18.9806,0.9385
5449.0,99336.0,24.0,4139.0,0.0,0,52.0,14.0,0.0,22.0,0.0,6.0,28.0,0.0,24.0,4348.37,27019.57,1.0,228848.0,15.0,40.0,18.0,2.0,6.0,57.2,9893.0,4.09,4.72,1.0,800709,0,0,1.7872124729077816e-05,2.0625043697126477e-05,15.0395,0.9895
5301.0,141948.0,36.0,3943.0,0.0,0,10.0,4.0,0.0,3.0,0.0,0.0,3.0,0.0,7.0,8963.98,32592.68,0.0,228848.0,15.0,40.0,18.0,2.0,6.0,57.2,9893.0,4.09,4.72,1.0,500926,0,0,1.7872124729077816e-05,2.0625043697126477e-05,45.978,0.0392
6876.0,86616.0,12.0,7218.0,0.0,0,15.0,6.0,0.0,3.0,0.0,0.0,3.0,0.0,12.0,5323.55,25714.05,0.0,75637.0,35.0,36.0,9.0,0.0,7.0,36.5,9622.0,0.45,0.59,1.0,610928,1,0,5.9494691751391515e-06,7.800415140737999e-06,32.0293,0.0403
5189.0,149040.0,48.0,3105.0,0.0,0,54.0,2.0,0.0,29.0,9.0,5.0,32.0,2.0,20.0,6682.03,36845.59,2.0,75637.0,35.0,36.0,9.0,0.0,7.0,36.5,9622.0,0.45,0.59,1.0,681220,0,0,5.9494691751391515e-06,7.800415140737999e-06,25.8987,0.9786
5549.0,50460.0,60.0,841.0,0.0,0,43.0,11.0,0.0,19.0,0.0,5.0,24.0,0.0,19.0,6392.97,37570.63,1.0,75637.0,35.0,36.0,9.0,0.0,7.0,36.5,9622.0,0.45,0.59,1.0,471017,0,0,5.9494691751391515e-06,7.800415140737999e-06,46.9699,0.9696
7176.0,260028.0,36.0,7223.0,0.0,0,161.0,4.0,0.0,79.0,22.0,35.0,105.0,9.0,47.0,12514.36,50676.82,2.0,75637.0,35.0,36.0,9.0,0.0,7.0,36.5,9622.0,0.45,0.59,1.0,761125,1,0,5.9494691751391515e-06,7.800415140737999e-06,18.9903,1.982
5805.0,137904.0,24.0,5746.0,1.0,0,12.0,6.0,0.0,3.0,0.0,0.0,3.0,0.0,9.0,6363.32,26886.19,0.0,75637.0,35.0,36.0,9.0,0.0,7.0,36.5,9622.0,0.45,0.59,1.0,680506,1,0,5.9494691751391515e-06,7.800415140737999e-06,27.0622,0.0406
7097.0,75624.0,24.0,3151.0,1.0,0,23.0,6.0,0.0,8.0,0.0,0.0,8.0,0.0,15.0,13406.74,50009.91,0.0,387570.0,0.0,0.0,0.0,1.0,1.0,100.0,9897.0,1.60,1.96,1.0,581207,1,0,4.128286503083314e-06,5.057150966277059e-06,35.0016,0.0613
5126.0,208128.0,48.0,4336.0,1.0,0,64.0,16.0,0.0,35.0,0.0,0.0,34.0,1.0,29.0,9442.16,36369.98,0.0,387570.0,0.0,0.0,0.0,1.0,1.0,100.0,9897.0,1.60,1.96,1.0,510806,1,0,4.128286503083314e-06,5.057150966277059e-06,42.9918,1.0213
5754.0,23052.0,12.0,1921.0,0.0,0,171.0,29.0,0.0,62.0,0.0,61.0,123.0,0.0,48.0,3618.33,23771.97,3.0,387570.0,0.0,0.0,0.0,1.0,1.0,100.0,9897.0,1.60,1.96,2.0,401101,0,0,4.128286503083314e-06,5.057150966277059e-06,53.9827,1.0809
5044.0,100980.0,60.0,1683.0,0.0,0,70.0,15.0,0.0,34.0,0.0,9.0,43.0,0.0,27.0,5261.05,35614.74,1.0,387570.0,0.0,0.0,0.0,1.0,1.0,100.0,9897.0,1.60,1.96,1.0,650731,1,0,4.128286503083314e-06,5.057150966277059e-06,29.049,1.002
6985.0,113796.0,36.0,3161.0,0.0,2,72.0,2.0,0.0,31.0,12.0,16.0,43.0,4.0,25.0,6453.25,36840.57,3.0,387570.0,0.0,0.0,0.0,1.0,1.0,100.0,9897.0,1.60,1.96,2.0,711009,1,0,4.128286503083314e-06,5.057150966277059e-06,24.0113,0.9921
6659.0,56100.0,60.0,935.0,0.0,0,68.0,16.0,0.0,31.0,0.0,9.0,40.0,0.0,28.0,3856.6,20158.0,1.0,387570.0,0.0,0.0,0.0,1.0,1.0,100.0,9897.0,1.60,1.96,1.0,580707,1,0,4.128286503083314e-06,5.057150966277059e-06,37.9513,1.0109
6019.0,11400.0,12.0,950.0,0.0,0,77.0,18.0,0.0,25.0,0.0,23.0,48.0,0.0,29.0,2434.24,27533.66,3.0,387570.0,0.0,0.0,0.0,1.0,1.0,100.0,9897.0,1.60,1.96,1.0,800430,0,0,4.128286503083314e-06,5.057150966277059e-06,16.0295,0.9922
6011.0,179328.0,48.0,3736.0,0.0,0,52.0,12.0,0.0,25.0,0.0,6.0,31.0,0.0,21.0,8935.78,44093.97,1.0,387570.0,0.0,0.0,0.0,1.0,1.0,100.0,9897.0,1.60,1.96,1.0,731121,1,0,4.128286503083314e-06,5.057150966277059e-06,23.0007,0.1006
5151.0,189060.0,60.0,3151.0,0.0,2,30.0,1.0,0.0,13.0,7.0,3.0,15.0,1.0,14.0,17833.45,72242.9,2.0,149893.0,63.0,29.0,6.0,2.0,6.0,67.4,9753.0,4.64,5.05,1.0,581230,0,0,3.0955414862601985e-05,3.3690699365547426e-05,36.9294,0.9422
5938.0,402000.0,60.0,6700.0,0.0,0,54.0,20.0,0.0,14.0,0.0,11.0,25.0,0.0,29.0,3029.89,21568.94,2.0,149893.0,63.0,29.0,6.0,2.0,6.0,67.4,9753.0,4.64,5.05,1.0,800806,1,0,3.0955414862601985e-05,3.3690699365547426e-05,16.0019,0.981
6216.0,141240.0,24.0,5885.0,0.0,0,102.0,2.0,0.0,41.0,13.0,34.0,70.0,5.0,27.0,9343.39,57219.57,4.0,102609.0,75.0,33.0,2.0,3.0,6.0,52.0,8187.0,4.83,5.45,1.0,620911,1,0,4.707189427827968e-05,5.311424923739633e-05,32.0019,1.0023
5900.0,135360.0,48.0,2820.0,0.0,0,77.0,21.0,0.0,45.0,0.0,0.0,37.0,8.0,32.0,14958.59,64881.31,0.0,102609.0,75.0,33.0,2.0,3.0,6.0,52.0,8187.0,4.83,5.45,1.0,750924,1,1,4.707189427827968e-05,5.311424923739633e-05,20.9177,0.9998
6087.0,300660.0,60.0,5011.0,0.0,0,66.0,15.0,0.0,27.0,0.0,15.0,41.0,1.0,24.0,10342.53,45854.89,3.0,128118.0,9.0,16.0,6.0,3.0,8.0,85.3,9317.0,6.49,7.07,1.0,500107,1,0,5.065642610718244e-05,5.518350270844066e-05,44.012,0.9798
6810.0,186384.0,48.0,3883.0,0.0,1,190.0,40.0,0.0,89.0,0.0,19.0,98.0,10.0,82.0,11952.68,61578.3,1.0,128118.0,9.0,16.0,6.0,3.0,8.0,85.3,9317.0,6.49,7.07,1.0,590129,1,0,5.065642610718244e-05,5.518350270844066e-05,37.0479,1.9706
4996.0,88440.0,12.0,7370.0,0.0,2,31.0,10.0,0.0,15.0,0.0,0.0,14.0,1.0,16.0,14850.77,62778.09,0.0,128118.0,9.0,16.0,6.0,3.0,8.0,85.3,9317.0,6.49,7.07,2.0,450703,0,0,5.065642610718244e-05,5.518350270844066e-05,51.0403,0.0595
7262.0,182628.0,36.0,5073.0,0.0,0,13.0,6.0,0.0,3.0,0.0,0.0,3.0,0.0,10.0,8281.61,33229.11,0.0,138032.0,67.0,30.0,4.0,2.0,5.0,64.6,8819.0,5.38,5.66,1.0,590523,1,0,3.897646922452764e-05,4.100498435145473e-05,34.9778,0.9291
5750.0,63252.0,12.0,5271.0,0.0,0,164.0,3.0,0.0,80.0,23.0,36.0,108.0,8.0,48.0,9457.76,49291.82,3.0,94725.0,38.0,28.0,1.0,3.0,6.0,63.4,9920.0,2.26,2.87,1.0,490624,0,0,2.385853787278965e-05,3.0298231723409873e-05,46.9584,1.9801
6577.0,51696.0,24.0,2154.0,0.0,0,102.0,31.0,5.0,53.0,0.0,0.0,50.0,8.0,44.0,13901.27,58226.5,0.0,323870.0,0.0,0.0,0.0,1.0,1.0,100.0,10673.0,4.75,5.44,1.0,680128,0,1,1.4666378485194677e-05,1.6796862938833485e-05,26.0183,1.0103
6738.0,230220.0,36.0,6395.0,1.0,0,82.0,17.0,0.0,25.0,0.0,19.0,42.0,2.0,38.0,7188.85,27658.49,2.0,323870.0,0.0,0.0,0.0,1.0,1.0,100.0,10673.0,4.75,5.44,1.0,421109,0,0,1.4666378485194677e-05,1.6796862938833485e-05,51.982,0.9921
6253.0,59760.0,24.0,2490.0,0.0,0,54.0,12.0,0.0,27.0,0.0,5.0,32.0,0.0,22.0,8295.16,40204.46,1.0,323870.0,0.0,0.0,0.0,1.0,1.0,100.0,10673.0,4.75,5.44,2.0,581126,1,0,1.4666378485194677e-05,1.6796862938833485e-05,35.9978,0.9877
6272.0,398640.0,60.0,6644.0,0.0,1,86.0,1.0,0.0,52.0,17.0,0.0,51.0,1.0,34.0,16552.96,63383.58,1.0,323870.0,0.0,0.0,0.0,1.0,1.0,100.0,10673.0,4.75,5.44,1.0,600209,0,0,1.4666378485194677e-05,1.6796862938833485e-05,34.1011,1.0494
5876.0,221280.0,48.0,4610.0,0.0,1,71.0,1.0,0.0,39.0,12.0,7.0,41.0,5.0,25.0,11891.5,37596.93,2.0,323870.0,0.0,0.0,0.0,1.0,1.0,100.0,10673.0,4.75,5.44,2.0,680328,1,0,1.4666378485194677e-05,1.6796862938833485e-05,26.988,1.0093
6986.0,151728.0,48.0,3161.0,1.0,0,57.0,14.0,0.0,29.0,0.0,0.0,21.0,8.0,28.0,8289.66,30491.1,0.0,323870.0,0.0,0.0,0.0,1.0,1.0,100.0,10673.0,4.75,5.44,1.0,760623,1,0,1.4666378485194677e-05,1.6796862938833485e-05,18.9588,0.9695
6950.0,104712.0,24.0,4363.0,0.0,0,191.0,50.0,0.0,97.0,0.0,22.0,103.0,16.0,72.0,11980.31,57357.84,1.0,323870.0,0.0,0.0,0.0,1.0,1.0,100.0,10673.0,4.75,5.44,1.0,441212,1,0,1.4666378485194677e-05,1.6796862938833485e-05,50.9199,1.9891
6403.0,194880.0,48.0,4060.0,0.0,0,113.0,1.0,0.0,62.0,18.0,14.0,71.0,5.0,37.0,8187.95,36421.43,2.0,323870.0,0.0,0.0,0.0,1.0,1.0,100.0,10673.0,4.75,5.44,1.0,791206,1,0,1.4666378485194677e-05,1.6796862938833485e-05,15.9999,1.0604
6178.0,232560.0,48.0,4845.0,0.0,2,27.0,9.0,0.0,13.0,0.0,0.0,11.0,2.0,14.0,13066.73,63188.63,0.0,323870.0,0.0,0.0,0.0,1.0,1.0,100.0,10673.0,4.75,5.44,1.0,700129,0,0,1.4666378485194677e-05,1.6796862938833485e-05,25.1087,0.0511
5563.0,380160.0,60.0,6336.0,0.0,0,109.0,32.0,0.0,62.0,0.0,0.0,58.0,4.0,47.0,15887.99,64777.08,0.0,323870.0,0.0,0.0,0.0,1.0,1.0,100.0,10673.0,4.75,5.44,1.0,491215,1,0,1.4666378485194677e-05,1.6796862938833485e-05,46.9014,1.9499
6520.0,91200.0,24.0,3800.0,0.0,0,36.0,3.0,0.0,15.0,8.0,3.0,16.0,2.0,18.0,9999.52,32558.53,2.0,119895.0,17.0,4.0,3.0,2.0,4.0,89.9,10446.0,7.34,9.4,2.0,550826,0,0,6.122023437174194e-05,7.84019350264815e-05,38.949,0.9588
5880.0,73836.0,36.0,2051.0,0.0,0,19.0,9.0,0.0,5.0,0.0,0.0,5.0,0.0,14.0,16708.06,55315.17,0.0,119895.0,17.0,4.0,3.0,2.0,4.0,89.9,10446.0,7.34,9.4,1.0,670529,0,0,6.122023437174194e-05,7.84019350264815e-05,28.0502,0.0605
5125.0,73056.0,48.0,1522.0,0.0,0,51.0,14.0,0.0,18.0,0.0,10.0,28.0,0.0,23.0,2445.33,23255.15,1.0,119895.0,17.0,4.0,3.0,2.0,4.0,89.9,10446.0,7.34,9.4,2.0,701218,1,0,6.122023437174194e-05,7.84019350264815e-05,24.9905,0.0917
7130.0,123408.0,24.0,5142.0,0.0,2,65.0,13.0,0.0,16.0,0.0,24.0,40.0,0.0,25.0,5789.86,28359.26,3.0,119895.0,17.0,4.0,3.0,2.0,4.0,89.9,10446.0,7.34,9.4,1.0,641014,1,1,6.122023437174194e-05,7.84019350264815e-05,32.0197,1.0088
6699.0,7656.0,24.0,319.0,0.0,0,81.0,14.0,0.0,37.0,0.0,8.0,45.0,0.0,36.0,6436.61,46444.64,1.0,78955.0,50.0,24.0,8.0,1.0,9.0,59.0,9060.0,1.78,2.44,2.0,620903,0,0,2.2544487366221266e-05,3.090367931099993e-05,31.9427,1.0002
5713.0,158760.0,60.0,2646.0,0.0,0,166.0,12.0,0.0,60.0,22.0,51.0,106.0,5.0,55.0,4654.09,24908.76,4.0,78955.0,50.0,24.0,8.0,1.0,9.0,59.0,9060.0,1.78,2.44,1.0,780131,1,0,2.2544487366221266e-05,3.090367931099993e-05,17.0399,1.9803
6302.0,181020.0,60.0,3017.0,0.0,0,93.0,2.0,0.0,56.0,18.0,0.0,51.0,5.0,37.0,7273.76,34005.91,1.0,78955.0,50.0,24.0,8.0,1.0,9.0,59.0,9060.0,1.78,2.44,2.0,660614,0,0,2.2544487366221266e-05,3.090367931099993e-05,30.0302,1.0601
6336.0,212400.0,36.0,5900.0,0.0,1,71.0,19.0,0.0,40.0,0.0,0.0,37.0,3.0,31.0,11301.57,51034.36,0.0,85852.0,41.0,23.0,4.0,2.0,4.0,59.8,8965.0,7.08,8.23,1.0,661024,0,0,8.246750221311094e-05,9.586264734659648e-05,27.9307,1.0026
6279.0,87360.0,24.0,3640.0,0.0,0,30.0,6.0,0.0,14.0,0.0,0.0,13.0,1.0,16.0,8145.61,36783.95,0.0,85852.0,41.0,23.0,4.0,2.0,4.0,59.8,8965.0,7.08,8.23,1.0,620710,1,0,8.246750221311094e-05,9.586264734659648e-05,31.9897,0.9886
5723.0,23628.0,12.0,1969.0,0.0,0,110.0,31.0,0.0,49.0,0.0,12.0,59.0,2.0,49.0,9915.67,47420.84,1.0,85852.0,41.0,23.0,4.0,2.0,4.0,59.8,8965.0,7.08,8.23,1.0,540309,1,0,8.246750221311094e-05,9.586264734659648e-05,40.0601,1.0598
6591.0,20832.0,48.0,434.0,0.0,0,151.0,29.0,0.0,52.0,0.0,52.0,104.0,0.0,47.0,2499.07,21368.91,4.0,85852.0,41.0,23.0,4.0,2.0,4.0,59.8,8965.0,7.08,8.23,1.0,480504,1,0,8.246750221311094e-05,9.586264734659648e-05,46.9698,1.9401
5212.0,71064.0,36.0,1974.0,0.0,0,86.0,17.0,0.0,39.0,0.0,18.0,57.0,0.0,29.0,4896.45,34577.3,2.0,85852.0,41.0,23.0,4.0,2.0,4.0,59.8,8965.0,7.08,8.23,1.0,461017,0,0,8.246750221311094e-05,9.586264734659648e-05,48.9512,1.0108
5610.0,123216.0,48.0,2567.0,0.0,0,128.0,30.0,0.0,58.0,0.0,22.0,79.0,1.0,48.0,12136.38,70622.83,2.0,85852.0,41.0,23.0,4.0,2.0,4.0,59.8,8965.0,7.08,8.23,2.0,770812,0,0,8.246750221311094e-05,9.586264734659648e-05,18.9412,1.9412
6961.0,176148.0,36.0,4893.0,0.0,0,13.0,1.0,0.0,4.0,4.0,0.0,4.0,0.0,9.0,17599.44,47154.5,1.0,85852.0,41.0,23.0,4.0,2.0,4.0,59.8,8965.0,7.08,8.23,1.0,631120,0,0,8.246750221311094e-05,9.586264734659648e-05,32.9486,0.0483
6421.0,96768.0,36.0,2688.0,0.0,0,66.0,17.0,0.0,31.0,0.0,7.0,36.0,2.0,28.0,13244.23,51611.34,1.0,85852.0,41.0,23.0,4.0,2.0,4.0,59.8,8965.0,7.08,8.23,2.0,680106,0,0,8.246750221311094e-05,9.586264734659648e-05,28.0619,0.9998
7055.0,167100.0,60.0,2785.0,0.0,0,79.0,22.0,0.0,46.0,0.0,0.0,43.0,3.0,33.0,14332.41,63707.63,0.0,145688.0,22.0,41.0,13.0,2.0,5.0,40.7,8544.0,1.29,1.86,2.0,700117,0,0,8.854538465762452e-06,1.2767008950634233e-05,24.0289,0.99
6362.0,37908.0,12.0,3159.0,0.0,0,76.0,2.0,0.0,45.0,15.0,0.0,43.0,2.0,31.0,7485.5,42164.03,1.0,145688.0,22.0,41.0,13.0,2.0,5.0,40.7,8544.0,1.29,1.86,1.0,760508,0,0,8.854538465762452e-06,1.2767008950634233e-05,19.0523,1.0303
6550.0,320592.0,48.0,6679.0,0.0,0,88.0,1.0,1.0,57.0,15.0,0.0,49.0,9.0,30.0,13875.42,60781.31,1.0,145688.0,22.0,41.0,13.0,2.0,5.0,40.7,8544.0,1.29,1.86,2.0,701109,0,1,8.854538465762452e-06,1.2767008950634233e-05,25.9409,1.031
5886.0,192744.0,36.0,5354.0,0.0,0,26.0,9.0,0.0,13.0,0.0,0.0,12.0,1.0,13.0,15435.06,62590.42,0.0,145688.0,22.0,41.0,13.0,2.0,5.0,40.7,8544.0,1.29,1.86,2.0,640314,1,0,8.854538465762452e-06,1.2767008950634233e-05,32.0717,0.0415
6944.0,46176.0,48.0,962.0,0.0,0,17.0,7.0,0.0,5.0,0.0,1.0,6.0,0.0,11.0,8573.59,33613.11,1.0,145688.0,22.0,41.0,13.0,2.0,5.0,40.7,8544.0,1.29,1.86,1.0,661103,1,0,8.854538465762452e-06,1.2767008950634233e-05,30.0012,0.0508
5209.0,182640.0,48.0,3805.0,0.0,0,40.0,2.0,0.0,16.0,8.0,7.0,23.0,0.0,17.0,9227.6,37802.23,2.0,145688.0,22.0,41.0,13.0,2.0,5.0,40.7,8544.0,1.29,1.86,1.0,420419,0,0,8.854538465762452e-06,1.2767008950634233e-05,54.0706,0.0797
6696.0,89040.0,60.0,1484.0,0.0,0,87.0,18.0,0.0,35.0,0.0,8.0,43.0,0.0,44.0,3441.2,30045.4,1.0,148545.0,8.0,35.0,12.0,3.0,4.0,53.5,8909.0,4.01,5.56,2.0,700125,0,0,2.699518664377798e-05,3.7429735097108615e-05,24.0384,1.0097
6066.0,173808.0,24.0,7242.0,0.0,2,75.0,1.0,0.0,49.0,13.0,0.0,42.0,7.0,26.0,17396.59,61218.66,1.0,148545.0,8.0,35.0,12.0,3.0,4.0,53.5,8909.0,4.01,5.56,2.0,570127,0,0,2.699518664377798e-05,3.7429735097108615e-05,37.0584,1.0088
5586.0,48744.0,36.0,1354.0,0.0,0,14.0,7.0,0.0,3.0,0.0,0.0,3.0,0.0,11.0,11392.24,42930.21,0.0,148545.0,8.0,35.0,12.0,3.0,4.0,53.5,8909.0,4.01,5.56,1.0,640414,0,0,2.699518664377798e-05,3.7429735097108615e-05,32.05,0.0411
6072.0,193968.0,36.0,5388.0,0.0,2,29.0,12.0,0.0,9.0,0.0,0.0,9.0,0.0,20.0,16951.03,63579.22,0.0,226122.0,32.0,50.0,7.0,4.0,4.0,62.6,8994.0,3.80,4.79,1.0,721203,1,0,1.6805087519126843e-05,2.1183255057004627e-05,21.9307,0.9485
5145.0,309552.0,48.0,6449.0,0.0,0,35.0,1.0,0.0,15.0,8.0,4.0,19.0,0.0,16.0,17429.0,56105.5,2.0,226122.0,32.0,50.0,7.0,4.0,4.0,62.6,8994.0,3.80,4.79,1.0,350129,1,0,1.6805087519126843e-05,2.1183255057004627e-05,60.0787,0.0798
7243.0,217152.0,36.0,6032.0,0.0,0,57.0,1.0,0.0,30.0,10.0,6.0,33.0,3.0,21.0,12666.78,49107.07,2.0,226122.0,32.0,50.0,7.0,4.0,4.0,62.6,8994.0,3.80,4.79,1.0,740707,1,1,1.6805087519126843e-05,2.1183255057004627e-05,21.0497,0.1075
6540.0,309600.0,48.0,6450.0,0.0,1,56.0,1.0,0.0,34.0,11.0,0.0,31.0,3.0,22.0,16045.61,58185.59,1.0,226122.0,32.0,50.0,7.0,4.0,4.0,62.6,8994.0,3.80,4.79,1.0,750626,1,0,1.6805087519126843e-05,2.1183255057004627e-05,20.0605,0.1114
5706.0,161496.0,36.0,4486.0,0.0,1,130.0,32.0,0.0,59.0,0.0,19.0,75.0,3.0,52.0,6844.43,33219.9,1.0,226122.0,32.0,50.0,7.0,4.0,4.0,62.6,8994.0,3.80,4.79,1.0,710724,1,0,1.6805087519126843e-05,2.1183255057004627e-05,24.98,1.9694
5136.0,187104.0,24.0,7796.0,0.0,0,25.0,12.0,0.0,9.0,0.0,0.0,9.0,0.0,16.0,19621.45,66292.37,0.0,226122.0,32.0,50.0,7.0,4.0,4.0,62.6,8994.0,3.80,4.79,1.0,770510,0,0,1.6805087519126843e-05,2.1183255057004627e-05,19.0218,0.0419
6865.0,29448.0,12.0,2454.0,1.0,0,11.0,1.0,0.0,2.0,4.0,0.0,2.0,0.0,9.0,8271.87,28977.44,1.0,226122.0,32.0,50.0,7.0,4.0,4.0,62.6,8994.0,3.80,4.79,1.0,471021,1,0,1.6805087519126843e-05,2.1183255057004627e-05,48.989,0.0396
6818.0,155616.0,48.0,3242.0,0.0,0,172.0,26.0,0.0,66.0,0.0,36.0,102.0,0.0,70.0,4895.97,44197.51,2.0,226122.0,32.0,50.0,7.0,4.0,4.0,62.6,8994.0,3.80,4.79,2.0,710410,0,0,1.6805087519126843e-05,2.1183255057004627e-05,25.0802,1.1091
5130.0,24312.0,12.0,2026.0,0.0,0,78.0,7.0,0.0,41.0,15.0,0.0,36.0,5.0,37.0,4949.47,29380.84,1.0,93931.0,74.0,21.0,10.0,1.0,8.0,56.9,8427.0,1.12,1.54,1.0,551119,0,0,1.1923646080633659e-05,1.639501336087128e-05,38.9392,1.0301
5390.0,170256.0,24.0,7094.0,0.0,0,77.0,18.0,0.0,36.0,0.0,10.0,46.0,0.0,31.0,9089.42,40091.18,1.0,93931.0,74.0,21.0,10.0,1.0,8.0,56.9,8427.0,1.12,1.54,1.0,650716,0,0,1.1923646080633659e-05,1.639501336087128e-05,29.0314,1.0222
6342.0,60156.0,36.0,1671.0,1.0,0,56.0,19.0,0.0,22.0,0.0,8.0,29.0,1.0,26.0,15972.28,72667.64,2.0,93931.0,74.0,21.0,10.0,1.0,8.0,56.9,8427.0,1.12,1.54,1.0,760808,1,0,1.1923646080633659e-05,1.639501336087128e-05,19.0304,0.0785
4973.0,165960.0,24.0,6915.0,0.0,0,125.0,1.0,0.0,60.0,18.0,28.0,84.0,4.0,37.0,12822.35,52523.24,3.0,93931.0,74.0,21.0,10.0,1.0,8.0,56.9,8427.0,1.12,1.54,1.0,440613,0,0,1.1923646080633659e-05,1.639501336087128e-05,51.9889,1.9483
6354.0,22968.0,36.0,638.0,0.0,0,11.0,7.0,0.0,1.0,0.0,0.0,1.0,0.0,10.0,4184.64,23324.94,0.0,93931.0,74.0,21.0,10.0,1.0,8.0,56.9,8427.0,1.12,1.54,1.0,500727,0,0,1.1923646080633659e-05,1.639501336087128e-05,46.0296,0.0398
7233.0,115812.0,36.0,3217.0,0.0,0,124.0,32.0,0.0,73.0,0.0,0.0,66.0,7.0,51.0,13280.08,56646.52,0.0,93931.0,74.0,21.0,10.0,1.0,8.0,56.9,8427.0,1.12,1.54,1.0,530601,1,0,1.1923646080633659e-05,1.639501336087128e-05,43.0624,1.0705
5568.0,272520.0,60.0,4542.0,0.0,0,84.0,23.0,0.0,40.0,0.0,10.0,45.0,5.0,34.0,10778.35,44602.64,1.0,92084.0,55.0,29.0,4.0,3.0,5.0,46.7,10124.0,0.56,0.54,2.0,390902,1,0,6.081403935537119e-06,5.864210937839365e-06,54.9615,0.9899
6841.0,172080.0,48.0,3585.0,0.0,0,42.0,12.0,0.0,17.0,0.0,0.0,16.0,1.0,25.0,11368.77,60743.96,0.0,92084.0,55.0,29.0,4.0,3.0,5.0,46.7,10124.0,0.56,0.54,1.0,570305,0,0,6.081403935537119e-06,5.864210937839365e-06,37.0502,0.0686
6157.0,98592.0,24.0,4108.0,0.0,2,26.0,1.0,0.0,11.0,6.0,2.0,13.0,0.0,13.0,10807.38,54128.57,1.0,92084.0,55.0,29.0,4.0,3.0,5.0,46.7,10124.0,0.56,0.54,1.0,631224,0,0,6.081403935537119e-06,5.864210937839365e-06,31.9486,0.0602
5591.0,155616.0,48.0,3242.0,0.0,0,30.0,2.0,0.0,14.0,7.0,0.0,14.0,0.0,16.0,9151.15,39426.07,1.0,92084.0,55.0,29.0,4.0,3.0,5.0,46.7,10124.0,0.56,0.54,1.0,591025,0,0,6.081403935537119e-06,5.864210937839365e-06,37.0179,0.0784
5176.0,192552.0,24.0,8023.0,1.0,1,51.0,12.0,0.0,25.0,0.0,0.0,23.0,2.0,26.0,5774.42,23979.01,0.0,70646.0,94.0,14.0,3.0,1.0,4.0,58.4,8547.0,2.65,3.64,1.0,631231,0,0,3.7510970189395014e-05,5.152450244882938e-05,30.9881,1.0283
6712.0,266220.0,60.0,4437.0,0.0,0,144.0,21.0,0.0,52.0,0.0,39.0,91.0,0.0,53.0,5581.28,34922.88,3.0,70646.0,94.0,14.0,3.0,1.0,4.0,58.4,8547.0,2.65,3.64,1.0,650217,0,0,3.7510970189395014e-05,5.152450244882938e-05,30.0797,1.0504
6013.0,128988.0,36.0,3583.0,1.0,1,82.0,17.0,0.0,47.0,0.0,0.0,44.0,3.0,35.0,7562.67,34740.7,0.0,70646.0,94.0,14.0,3.0,1.0,4.0,58.4,8547.0,2.65,3.64,1.0,390815,1,0,3.7510970189395014e-05,5.152450244882938e-05,56.9388,1.9402
6715.0,220620.0,60.0,3677.0,0.0,0,128.0,3.0,0.0,50.0,17.0,24.0,73.0,1.0,54.0,6331.02,36907.46,3.0,70646.0,94.0,14.0,3.0,1.0,4.0,58.4,8547.0,2.65,3.64,1.0,430815,0,0,3.7510970189395014e-05,5.152450244882938e-05,52.9691,1.9304
6580.0,196080.0,48.0,4085.0,0.0,0,47.0,13.0,0.0,27.0,0.0,0.0,24.0,3.0,20.0,10472.5,49143.97,0.0,87419.0,21.0,11.0,4.0,3.0,9.0,85.5,8624.0,1.79,2.66,1.0,580527,1,0,2.0476097873460003e-05,3.0428167789610955e-05,35.9995,0.9519
6729.0,74688.0,12.0,6224.0,0.0,0,112.0,1.0,0.0,51.0,16.0,12.0,59.0,4.0,49.0,11551.5,48484.62,2.0,87419.0,21.0,11.0,4.0,3.0,9.0,85.5,8624.0,1.79,2.66,2.0,450126,0,0,2.0476097873460003e-05,3.0428167789610955e-05,49.0685,1.0409
6407.0,25944.0,24.0,1081.0,0.0,0,37.0,11.0,0.0,18.0,0.0,0.0,18.0,0.0,19.0,10704.75,56927.45,0.0,118650.0,8.0,8.0,5.0,1.0,3.0,85.6,9832.0,3.32,4.48,1.0,600521,0,0,2.7981458069953644e-05,3.775811209439528e-05,34.0005,0.9618
7166.0,198240.0,24.0,8260.0,0.0,0,16.0,7.0,0.0,4.0,0.0,1.0,5.0,0.0,11.0,7546.89,30953.14,1.0,118650.0,8.0,8.0,5.0,1.0,3.0,85.6,9832.0,3.32,4.48,1.0,560218,1,0,2.7981458069953644e-05,3.775811209439528e-05,39.0406,0.0509
5002.0,104808.0,12.0,8734.0,0.0,0,30.0,7.0,0.0,10.0,0.0,8.0,18.0,0.0,12.0,6642.55,38709.83,2.0,125832.0,151.0,41.0,2.0,3.0,5.0,48.3,8512.0,3.51,4.12,2.0,391130,1,0,2.7894335304215143e-05,3.274206879013288e-05,54.9401,0.9405
7137.0,151560.0,24.0,6315.0,0.0,0,28.0,1.0,0.0,14.0,6.0,1.0,11.0,4.0,13.0,16935.55,53976.29,2.0,125832.0,151.0,41.0,2.0,3.0,5.0,48.3,8512.0,3.51,4.12,1.0,530505,1,0,2.7894335304215143e-05,3.274206879013288e-05,41.0098,0.9482
5836.0,79632.0,24.0,3318.0,0.0,0,16.0,1.0,0.0,5.0,5.0,1.0,6.0,0.0,10.0,24948.66,63494.2,1.0,125832.0,151.0,41.0,2.0,3.0,5.0,48.3,8512.0,3.51,4.12,1.0,590810,0,0,2.7894335304215143e-05,3.274206879013288e-05,35.0017,0.0419
5970.0,465072.0,48.0,9689.0,0.0,0,103.0,21.0,0.0,65.0,0.0,0.0,65.0,0.0,38.0,8579.53,27778.75,0.0,125832.0,151.0,41.0,2.0,3.0,5.0,48.3,8512.0,3.51,4.12,2.0,480508,1,0,2.7894335304215143e-05,3.274206879013288e-05,47.0201,1.0595
6109.0,368880.0,60.0,6148.0,0.0,0,182.0,38.0,0.0,76.0,0.0,48.0,117.0,7.0,58.0,11574.08,60030.74,3.0,125832.0,151.0,41.0,2.0,3.0,5.0,48.3,8512.0,3.51,4.12,2.0,740804,1,0,2.7894335304215143e-05,3.274206879013288e-05,21.9799,1.9581
5923.0,64656.0,48.0,1347.0,0.0,0,12.0,6.0,0.0,3.0,0.0,0.0,3.0,0.0,9.0,6379.08,25896.47,0.0,67298.0,71.0,19.0,10.0,0.0,7.0,43.8,8561.0,0.65,1.29,2.0,470319,1,0,9.65853368599364e-06,1.9168474546048917e-05,49.0691,0.0402
5414.0,185952.0,48.0,3874.0,0.0,0,34.0,10.0,0.0,13.0,0.0,1.0,14.0,0.0,20.0,12283.39,50113.19,1.0,125236.0,28.0,11.0,1.0,4.0,5.0,87.7,9675.0,6.43,7.68,1.0,450222,1,0,5.134306429461177e-05,6.132421987288e-05,50.0107,1.001
6600.0,21852.0,36.0,607.0,0.0,0,18.0,7.0,0.0,5.0,0.0,1.0,6.0,0.0,12.0,9232.25,38509.05,1.0,125236.0,28.0,11.0,1.0,4.0,5.0,87.7,9675.0,6.43,7.68,1.0,541205,1,0,5.134306429461177e-05,6.132421987288e-05,40.9803,0.0586
6232.0,276660.0,36.0,7685.0,1.0,0,58.0,20.0,0.0,28.0,0.0,0.0,28.0,0.0,30.0,3499.29,19256.89,0.0,124605.0,11.0,42.0,14.0,1.0,8.0,46.0,8772.0,4.69,4.98,1.0,490518,1,0,3.7638939047389755e-05,3.996629348742025e-05,45.019,0.988
5032.0,123696.0,48.0,2577.0,0.0,0,61.0,12.0,0.0,27.0,0.0,12.0,36.0,3.0,22.0,8953.22,49084.38,2.0,124605.0,11.0,42.0,14.0,1.0,8.0,46.0,8772.0,4.69,4.98,1.0,400827,1,0,3.7638939047389755e-05,3.996629348742025e-05,54.0276,0.9901
5237.0,45336.0,24.0,1889.0,0.0,0,90.0,18.0,0.0,45.0,0.0,12.0,57.0,0.0,33.0,7594.23,48152.95,1.0,51428.0,50.0,11.0,3.0,1.0,4.0,52.7,8402.0,3.13,3.98,1.0,570429,1,0,6.086178735319281e-05,7.738974877498639e-05,38.04,1.0402
5409.0,182040.0,60.0,3034.0,0.0,0,59.0,1.0,0.0,35.0,12.0,0.0,33.0,2.0,24.0,17539.8,67475.9,1.0,51428.0,50.0,11.0,3.0,1.0,4.0,52.7,8402.0,3.13,3.98,2.0,510324,0,0,6.086178735319281e-05,7.738974877498639e-05,44.0794,0.9997
6589.0,189696.0,24.0,7904.0,0.0,1,89.0,21.0,0.0,36.0,0.0,23.0,56.0,3.0,30.0,11582.99,54137.11,3.0,51428.0,50.0,11.0,3.0,1.0,4.0,52.7,8402.0,3.13,3.98,2.0,450924,1,0,6.086178735319281e-05,7.738974877498639e-05,50.9177,0.9692
5329.0,396120.0,60.0,6602.0,0.0,1,95.0,1.0,0.0,59.0,18.0,0.0,53.0,6.0,36.0,15418.11,58855.28,1.0,51428.0,50.0,11.0,3.0,1.0,4.0,52.7,8402.0,3.13,3.98,1.0,500102,0,0,6.086178735319281e-05,7.738974877498639e-05,46.0914,1.0601
5395.0,299088.0,36.0,8308.0,1.0,0,126.0,33.0,0.0,56.0,0.0,24.0,72.0,8.0,46.0,12746.59,51992.85,2.0,106054.0,38.0,25.0,6.0,2.0,6.0,63.1,8110.0,5.77,6.55,1.0,661210,0,0,5.440624587474305e-05,6.176098968450035e-05,27.952,1.0124
7308.0,129408.0,24.0,5392.0,0.0,0,107.0,16.0,0.0,38.0,0.0,40.0,78.0,0.0,29.0,4550.3,30869.78,4.0,106054.0,38.0,25.0,6.0,2.0,6.0,63.1,8110.0,5.77,6.55,1.0,621019,0,0,5.440624587474305e-05,6.176098968450035e-05,34.0208,1.0213
6227.0,28248.0,24.0,1177.0,0.0,0,94.0,20.0,0.0,56.0,0.0,0.0,56.0,0.0,38.0,8111.68,45582.45,0.0,162580.0,83.0,26.0,5.0,1.0,6.0,72.8,9538.0,1.51,1.81,1.0,700210,0,0,9.287735268790749e-06,1.1132980686431296e-05,25.0094,1.948
5989.0,213300.0,36.0,5925.0,0.0,0,59.0,17.0,0.0,27.0,0.0,5.0,32.0,0.0,27.0,3730.2,27951.91,1.0,162580.0,83.0,26.0,5.0,1.0,6.0,72.8,9538.0,1.51,1.81,1.0,640422,1,0,9.287735268790749e-06,1.1132980686431296e-05,31.9882,0.9891
6732.0,174048.0,48.0,3626.0,0.0,0,69.0,22.0,0.0,31.0,0.0,0.0,31.0,0.0,38.0,13503.13,72968.38,0.0,162580.0,83.0,26.0,5.0,1.0,6.0,72.8,9538.0,1.51,1.81,1.0,520216,0,0,9.287735268790749e-06,1.1132980686431296e-05,44.0703,0.9909
6686.0,224604.0,36.0,6239.0,0.0,0,93.0,1.0,0.0,59.0,17.0,0.0,50.0,9.0,34.0,14537.8,57496.99,1.0,51313.0,34.0,12.0,3.0,1.0,4.0,59.2,8930.0,3.52,4.2,2.0,760524,1,0,6.859860074445072e-05,8.185060316099234e-05,18.0301,1.0501
5269.0,164052.0,36.0,4557.0,1.0,2,65.0,16.0,0.0,37.0,0.0,0.0,30.0,7.0,28.0,11809.26,41752.16,0.0,51313.0,34.0,12.0,3.0,1.0,4.0,59.2,8930.0,3.52,4.2,1.0,750912,0,0,6.859860074445072e-05,8.185060316099234e-05,19.0207,1.0002
5413.0,92976.0,24.0,3874.0,0.0,1,109.0,34.0,0.0,48.0,0.0,11.0,48.0,11.0,50.0,12039.47,50436.47,1.0,51313.0,34.0,12.0,3.0,1.0,4.0,59.2,8930.0,3.52,4.2,2.0,701007,0,0,6.859860074445072e-05,8.185060316099234e-05,25.0205,1.069
6949.0,104712.0,24.0,4363.0,0.0,1,108.0,34.0,0.0,47.0,0.0,11.0,48.0,10.0,50.0,12019.66,52379.13,1.0,51313.0,34.0,12.0,3.0,1.0,4.0,59.2,8930.0,3.52,4.2,2.0,701007,0,0,6.859860074445072e-05,8.185060316099234e-05,25.0205,1.069
6303.0,72408.0,24.0,3017.0,1.0,2,13.0,5.0,0.0,4.0,0.0,0.0,4.0,0.0,9.0,13997.22,45099.26,0.0,51313.0,34.0,12.0,3.0,1.0,4.0,59.2,8930.0,3.52,4.2,1.0,580613,0,0,6.859860074445072e-05,8.185060316099234e-05,37.9599,0.9203
5312.0,202788.0,36.0,5633.0,0.0,1,79.0,1.0,0.0,44.0,13.0,9.0,44.0,9.0,26.0,16141.21,57124.27,2.0,51313.0,34.0,12.0,3.0,1.0,4.0,59.2,8930.0,3.52,4.2,1.0,530720,0,0,6.859860074445072e-05,8.185060316099234e-05,42.9593,1.0093
5388.0,61560.0,12.0,5130.0,0.0,1,71.0,1.0,0.0,29.0,11.0,20.0,45.0,4.0,22.0,9739.4,32967.71,3.0,51313.0,34.0,12.0,3.0,1.0,4.0,59.2,8930.0,3.52,4.2,1.0,430104,1,0,6.859860074445072e-05,8.185060316099234e-05,53.1024,0.1021
6594.0,189696.0,24.0,7904.0,1.0,0,5.0,5.0,0.0,0.0,0.0,0.0,0.0,0.0,5.0,4500.0,14900.0,0.0,110643.0,49.0,41.0,4.0,1.0,4.0,51.9,8441.0,3.45,4.48,1.0,700219,0,0,3.118136709959058e-05,4.04905868423669e-05,24.0709,0.0411
5887.0,192744.0,36.0,5354.0,0.0,0,76.0,19.0,0.0,43.0,0.0,0.0,39.0,4.0,33.0,7643.91,37265.66,0.0,110643.0,49.0,41.0,4.0,1.0,4.0,51.9,8441.0,3.45,4.48,2.0,710920,0,0,3.118136709959058e-05,4.04905868423669e-05,23.0083,1.0401
5495.0,89340.0,60.0,1489.0,0.0,0,44.0,11.0,0.0,19.0,0.0,5.0,24.0,0.0,20.0,4662.47,39644.76,1.0,110643.0,49.0,41.0,4.0,1.0,4.0,51.9,8441.0,3.45,4.48,2.0,711112,0,0,3.118136709959058e-05,4.04905868423669e-05,24.969,0.9693
7013.0,89340.0,60.0,1489.0,0.0,0,44.0,11.0,0.0,19.0,0.0,5.0,24.0,0.0,20.0,4646.67,40005.48,1.0,110643.0,49.0,41.0,4.0,1.0,4.0,51.9,8441.0,3.45,4.48,2.0,711112,0,0,3.118136709959058e-05,4.04905868423669e-05,24.969,0.9693
7136.0,54396.0,36.0,1511.0,0.0,0,23.0,9.0,0.0,9.0,0.0,0.0,9.0,0.0,14.0,3853.83,30293.71,0.0,110643.0,49.0,41.0,4.0,1.0,4.0,51.9,8441.0,3.45,4.48,1.0,390727,1,0,3.118136709959058e-05,4.04905868423669e-05,57.0201,0.0607
5804.0,158976.0,48.0,3312.0,0.0,0,156.0,36.0,0.0,62.0,0.0,42.0,95.0,9.0,52.0,8573.48,49916.09,3.0,139012.0,59.0,41.0,8.0,3.0,10.0,61.9,8363.0,2.52,3.49,1.0,390109,1,0,1.8127931401605616e-05,2.5105746266509367e-05,56.0296,1.9302
6578.0,27984.0,12.0,2332.0,0.0,1,76.0,14.0,0.0,36.0,0.0,10.0,43.0,3.0,30.0,7289.58,30639.86,1.0,139012.0,59.0,41.0,8.0,3.0,10.0,61.9,8363.0,2.52,3.49,1.0,490216,1,0,1.8127931401605616e-05,2.5105746266509367e-05,46.0995,1.0501
6175.0,290700.0,60.0,4845.0,1.0,0,100.0,29.0,0.0,58.0,0.0,0.0,52.0,6.0,42.0,14274.57,59647.42,0.0,139012.0,59.0,41.0,8.0,3.0,10.0,61.9,8363.0,2.52,3.49,1.0,590227,0,0,1.8127931401605616e-05,2.5105746266509367e-05,36.9994,1.0096
6992.0,133968.0,48.0,2791.0,0.0,0,79.0,15.0,0.0,32.0,0.0,24.0,51.0,5.0,23.0,9939.87,46772.32,3.0,139012.0,59.0,41.0,8.0,3.0,10.0,61.9,8363.0,2.52,3.49,2.0,430530,1,1,1.8127931401605616e-05,2.5105746266509367e-05,53.0197,0.9618
5988.0,141648.0,24.0,5902.0,0.0,0,18.0,8.0,0.0,5.0,0.0,0.0,5.0,0.0,13.0,14106.12,45100.42,0.0,139012.0,59.0,41.0,8.0,3.0,10.0,61.9,8363.0,2.52,3.49,2.0,520717,1,0,1.8127931401605616e-05,2.5105746266509367e-05,44.0105,0.0618
6599.0,72120.0,12.0,6010.0,0.0,0,102.0,1.0,0.0,62.0,20.0,0.0,58.0,4.0,40.0,14376.88,75686.07,1.0,139012.0,59.0,41.0,8.0,3.0,10.0,61.9,8363.0,2.52,3.49,2.0,521110,0,0,1.8127931401605616e-05,2.5105746266509367e-05,44.0009,1.0805
5337.0,162468.0,36.0,4513.0,0.0,0,15.0,1.0,0.0,5.0,5.0,0.0,5.0,0.0,10.0,15082.59,51279.55,1.0,105058.0,32.0,19.0,7.0,2.0,10.0,81.0,9272.0,2.80,3.22,2.0,570823,0,0,2.665194464010356e-05,3.0649736336119097e-05,38.9908,0.0426
5088.0,91152.0,24.0,3798.0,0.0,0,77.0,2.0,1.0,45.0,15.0,0.0,43.0,3.0,31.0,9452.94,44829.54,1.0,105058.0,32.0,19.0,7.0,2.0,10.0,81.0,9272.0,2.80,3.22,1.0,421210,1,1,2.665194464010356e-05,3.0649736336119097e-05,53.9612,1.0307
5161.0,98184.0,24.0,4091.0,0.0,0,14.0,1.0,0.0,3.0,4.0,0.0,3.0,0.0,11.0,9311.16,41660.39,1.0,114200.0,101.0,41.0,4.0,1.0,4.0,43.7,8403.0,5.74,5.72,1.0,450612,0,0,5.0262697022767074e-05,5.008756567425569e-05,49.0416,0.0319
6955.0,244368.0,48.0,5091.0,0.0,2,144.0,49.0,0.0,80.0,0.0,0.0,76.0,4.0,64.0,17859.13,75924.24,0.0,114200.0,101.0,41.0,4.0,1.0,4.0,43.7,8403.0,5.74,5.72,1.0,700402,1,0,5.0262697022767074e-05,5.008756567425569e-05,25.072,1.04
7213.0,113544.0,36.0,3154.0,0.0,0,71.0,4.0,0.0,31.0,11.0,14.0,43.0,2.0,26.0,6453.48,33990.42,3.0,114200.0,101.0,41.0,4.0,1.0,4.0,43.7,8403.0,5.74,5.72,1.0,420918,1,0,5.0262697022767074e-05,5.008756567425569e-05,53.9295,0.9993
5470.0,200976.0,48.0,4187.0,0.0,0,35.0,2.0,0.0,15.0,8.0,3.0,17.0,1.0,17.0,11032.89,47938.07,2.0,114200.0,101.0,41.0,4.0,1.0,4.0,43.7,8403.0,5.74,5.72,1.0,550220,1,0,5.0262697022767074e-05,5.008756567425569e-05,41.0195,0.9506
6694.0,134784.0,24.0,5616.0,0.0,0,55.0,13.0,0.0,25.0,0.0,0.0,23.0,2.0,30.0,9329.63,44005.11,0.0,285387.0,0.0,2.0,8.0,5.0,7.0,89.9,10177.0,6.63,7.75,1.0,400511,0,0,2.3231611811329878e-05,2.7156107320936133e-05,54.9808,0.9715
7263.0,89880.0,24.0,3745.0,0.0,1,29.0,8.0,0.0,16.0,0.0,0.0,16.0,0.0,13.0,13517.22,62571.28,0.0,285387.0,0.0,2.0,8.0,5.0,7.0,89.9,10177.0,6.63,7.75,1.0,630516,1,0,2.3231611811329878e-05,2.7156107320936133e-05,32.9603,0.9301
6816.0,100224.0,48.0,2088.0,1.0,0,18.0,2.0,0.0,3.0,4.0,0.0,3.0,0.0,15.0,4932.62,28124.93,1.0,285387.0,0.0,2.0,8.0,5.0,7.0,89.9,10177.0,6.63,7.75,1.0,570201,0,0,2.3231611811329878e-05,2.7156107320936133e-05,39.0125,0.9204
5452.0,49440.0,60.0,824.0,0.0,0,110.0,17.0,0.0,47.0,0.0,32.0,79.0,0.0,31.0,5547.67,47798.87,3.0,285387.0,0.0,2.0,8.0,5.0,7.0,89.9,10177.0,6.63,7.75,1.0,661006,0,0,2.3231611811329878e-05,2.7156107320936133e-05,29.9423,1.0308
6190.0,123600.0,60.0,2060.0,0.0,0,49.0,10.0,0.0,29.0,0.0,0.0,27.0,2.0,20.0,9121.31,39514.68,0.0,285387.0,0.0,2.0,8.0,5.0,7.0,89.9,10177.0,6.63,7.75,2.0,670630,1,0,2.3231611811329878e-05,2.7156107320936133e-05,28.9876,0.9792
6921.0,86184.0,12.0,7182.0,0.0,0,42.0,1.0,0.0,20.0,8.0,6.0,22.0,4.0,16.0,16523.6,59935.27,3.0,285387.0,0.0,2.0,8.0,5.0,7.0,89.9,10177.0,6.63,7.75,1.0,401204,0,0,2.3231611811329878e-05,2.7156107320936133e-05,55.9825,0.0723
5366.0,86184.0,12.0,7182.0,0.0,0,42.0,1.0,0.0,20.0,8.0,6.0,22.0,4.0,16.0,16607.01,60273.68,3.0,285387.0,0.0,2.0,8.0,5.0,7.0,89.9,10177.0,6.63,7.75,1.0,401204,0,0,2.3231611811329878e-05,2.7156107320936133e-05,55.9825,0.0723
6805.0,45024.0,48.0,938.0,0.0,0,39.0,8.0,0.0,13.0,0.0,6.0,19.0,0.0,20.0,7779.82,41994.91,2.0,285387.0,0.0,2.0,8.0,5.0,7.0,89.9,10177.0,6.63,7.75,1.0,570504,0,0,2.3231611811329878e-05,2.7156107320936133e-05,39.0717,0.07
5861.0,51408.0,24.0,2142.0,0.0,0,64.0,19.0,0.0,33.0,0.0,0.0,31.0,2.0,31.0,13410.82,52299.29,0.0,45714.0,52.0,10.0,5.0,1.0,6.0,55.6,8843.0,2.82,3.6,1.0,490724,1,0,6.168788554928468e-05,7.87504921905762e-05,45.0484,1.0092
5418.0,347952.0,48.0,7249.0,0.0,0,120.0,31.0,0.0,70.0,0.0,0.0,59.0,11.0,50.0,13441.43,54157.19,0.0,45714.0,52.0,10.0,5.0,1.0,6.0,55.6,8843.0,2.82,3.6,1.0,641030,0,0,6.168788554928468e-05,7.87504921905762e-05,30.9086,1.9786
6704.0,417060.0,60.0,6951.0,0.0,0,74.0,22.0,0.0,25.0,0.0,8.0,33.0,0.0,41.0,10583.99,58445.03,2.0,45714.0,52.0,10.0,5.0,1.0,6.0,55.6,8843.0,2.82,3.6,2.0,610914,0,0,6.168788554928468e-05,7.87504921905762e-05,33.9687,1.9481
5625.0,222180.0,60.0,3703.0,1.0,0,59.0,16.0,0.0,31.0,0.0,0.0,30.0,1.0,28.0,11725.49,55230.44,0.0,45714.0,52.0,10.0,5.0,1.0,6.0,55.6,8843.0,2.82,3.6,1.0,390320,1,0,6.168788554928468e-05,7.87504921905762e-05,57.0895,1.0086
5132.0,538500.0,60.0,8975.0,0.0,0,58.0,12.0,0.0,29.0,0.0,7.0,36.0,0.0,22.0,8499.93,33687.86,1.0,95616.0,65.0,30.0,4.0,1.0,6.0,51.4,9307.0,3.85,4.43,1.0,600628,1,0,4.026522757697457e-05,4.633115796519411e-05,34.9589,0.9899
6153.0,285600.0,60.0,4760.0,0.0,1,49.0,17.0,0.0,25.0,0.0,0.0,18.0,7.0,24.0,10411.72,49651.89,0.0,95616.0,65.0,30.0,4.0,1.0,6.0,51.4,9307.0,3.85,4.43,2.0,801207,0,0,4.026522757697457e-05,4.633115796519411e-05,14.9518,0.961
6471.0,155640.0,24.0,6485.0,0.0,0,105.0,14.0,0.0,42.0,0.0,36.0,78.0,0.0,27.0,5793.88,45183.35,4.0,95616.0,65.0,30.0,4.0,1.0,6.0,51.4,9307.0,3.85,4.43,1.0,430107,0,0,4.026522757697457e-05,4.633115796519411e-05,53.0697,1.0185
7189.0,154656.0,48.0,3222.0,0.0,0,89.0,3.0,0.0,47.0,15.0,10.0,53.0,4.0,32.0,6653.9,31791.33,2.0,161227.0,5.0,35.0,11.0,4.0,10.0,69.7,8678.0,5.93,5.57,1.0,561128,1,0,3.678044000074429e-05,3.454756337338039e-05,39.9193,1.9098
6315.0,43164.0,12.0,3597.0,0.0,0,69.0,2.0,0.0,43.0,12.0,0.0,40.0,3.0,26.0,14188.26,68377.06,1.0,117897.0,139.0,28.0,5.0,1.0,6.0,53.8,8814.0,4.76,5.74,1.0,760106,0,0,4.037422495907444e-05,4.868656539182507e-05,19.01,0.9998
6151.0,225420.0,60.0,3757.0,0.0,0,51.0,13.0,0.0,29.0,0.0,0.0,29.0,0.0,22.0,5452.34,31185.16,0.0,117897.0,139.0,28.0,5.0,1.0,6.0,53.8,8814.0,4.76,5.74,1.0,480803,0,0,4.037422495907444e-05,4.868656539182507e-05,46.9622,0.9808
6965.0,139536.0,24.0,5814.0,0.0,0,165.0,48.0,0.0,81.0,0.0,17.0,87.0,11.0,67.0,14454.31,63889.87,1.0,117897.0,139.0,28.0,5.0,1.0,6.0,53.8,8814.0,4.76,5.74,1.0,410913,0,0,4.037422495907444e-05,4.868656539182507e-05,53.97,1.9499
7305.0,54024.0,12.0,4502.0,0.0,0,147.0,1.0,2.0,66.0,22.0,34.0,101.0,1.0,45.0,8708.72,36480.19,3.0,117897.0,139.0,28.0,5.0,1.0,6.0,53.8,8814.0,4.76,5.74,1.0,680413,1,1,4.037422495907444e-05,4.868656539182507e-05,28.0393,1.9805
6294.0,79920.0,60.0,1332.0,0.0,0,95.0,15.0,0.0,46.0,0.0,20.0,66.0,0.0,29.0,7707.41,43846.98,2.0,170449.0,0.0,0.0,0.0,1.0,1.0,100.0,10787.0,2.64,3.09,1.0,530405,1,0,1.5488503892659977e-05,1.8128589783454286e-05,41.9807,1.9086
6676.0,29784.0,24.0,1241.0,0.0,0,12.0,6.0,0.0,3.0,0.0,0.0,3.0,0.0,9.0,6943.35,27626.08,0.0,170449.0,0.0,0.0,0.0,1.0,1.0,100.0,10787.0,2.64,3.09,2.0,691225,0,0,1.5488503892659977e-05,1.8128589783454286e-05,25.9388,0.0405
5350.0,249312.0,48.0,5194.0,0.0,1,60.0,17.0,0.0,24.0,0.0,6.0,30.0,0.0,30.0,9995.91,35914.85,1.0,170449.0,0.0,0.0,0.0,1.0,1.0,100.0,10787.0,2.64,3.09,1.0,550521,1,0,1.5488503892659977e-05,1.8128589783454286e-05,40.99,1.0208
6169.0,103680.0,60.0,1728.0,1.0,0,109.0,25.0,0.0,65.0,0.0,0.0,65.0,0.0,44.0,3896.38,28250.11,0.0,95907.0,87.0,25.0,5.0,2.0,7.0,59.1,8388.0,2.41,2.94,1.0,710624,1,0,2.5128509910642604e-05,3.0654696737464416e-05,23.9692,1.9596
5999.0,98832.0,48.0,2059.0,0.0,0,177.0,27.0,0.0,72.0,0.0,55.0,127.0,0.0,50.0,4382.09,31814.27,3.0,95907.0,87.0,25.0,5.0,2.0,7.0,59.1,8388.0,2.41,2.94,1.0,700910,0,0,2.5128509910642604e-05,3.0654696737464416e-05,25.9193,1.9897
5453.0,156672.0,36.0,4352.0,0.0,0,75.0,24.0,0.0,30.0,0.0,8.0,38.0,0.0,37.0,3313.36,22927.5,1.0,72541.0,66.0,26.0,10.0,0.0,8.0,36.9,8594.0,1.62,2.01,1.0,560425,0,0,2.2332198343006026e-05,2.7708468314470434e-05,38.9976,1.0176
5310.0,248148.0,36.0,6893.0,0.0,0,120.0,22.0,0.0,50.0,0.0,33.0,83.0,0.0,37.0,5453.37,36063.79,3.0,72541.0,66.0,26.0,10.0,0.0,8.0,36.9,8594.0,1.62,2.01,1.0,400724,0,0,2.2332198343006026e-05,2.7708468314470434e-05,54.9704,1.9217
5311.0,30060.0,60.0,501.0,0.0,0,186.0,24.0,8.0,65.0,0.0,68.0,141.0,0.0,45.0,4858.98,37213.41,4.0,72541.0,66.0,26.0,10.0,0.0,8.0,36.9,8594.0,1.62,2.01,1.0,510906,1,1,2.2332198343006026e-05,2.7708468314470434e-05,44.9709,1.9712
5693.0,44088.0,24.0,1837.0,0.0,0,32.0,10.0,0.0,12.0,0.0,3.0,15.0,0.0,17.0,6617.94,36548.82,1.0,81344.0,61.0,23.0,4.0,2.0,6.0,55.3,8899.0,3.39,3.97,1.0,510625,0,0,4.1674862313139264e-05,4.8805074744295833e-05,44.0176,0.9593
5922.0,20220.0,12.0,1685.0,0.0,0,51.0,14.0,0.0,23.0,0.0,5.0,28.0,0.0,23.0,9715.85,41077.64,1.0,81344.0,61.0,23.0,4.0,2.0,6.0,55.3,8899.0,3.39,3.97,1.0,730515,0,0,4.1674862313139264e-05,4.8805074744295833e-05,22.029,0.9978
6644.0,93600.0,24.0,3900.0,0.0,0,55.0,11.0,0.0,19.0,0.0,15.0,34.0,0.0,21.0,7856.41,40078.71,3.0,81344.0,61.0,23.0,4.0,2.0,6.0,55.3,8899.0,3.39,3.97,1.0,720623,1,0,4.1674862313139264e-05,4.8805074744295833e-05,24.0397,0.9803
5959.0,107640.0,24.0,4485.0,0.0,0,23.0,1.0,0.0,9.0,6.0,2.0,11.0,0.0,12.0,17488.55,50214.5,3.0,88884.0,80.0,26.0,6.0,2.0,5.0,46.7,8507.0,1.67,1.85,1.0,591122,0,0,1.878853336933531e-05,2.0813644750461278e-05,35.9689,0.0598
6726.0,85860.0,60.0,1431.0,0.0,0,96.0,19.0,0.0,40.0,0.0,9.0,49.0,0.0,47.0,3377.43,30461.4,1.0,88884.0,80.0,26.0,6.0,2.0,5.0,46.7,8507.0,1.67,1.85,1.0,551020,0,0,1.878853336933531e-05,2.0813644750461278e-05,39.9883,1.0274
6535.0,41952.0,12.0,3496.0,0.0,0,105.0,3.0,0.0,44.0,14.0,30.0,70.0,4.0,31.0,5890.41,41502.03,3.0,161854.0,73.0,21.0,6.0,1.0,6.0,76.3,9425.0,1.72,2.5,1.0,721210,1,0,1.0626861245319855e-05,1.5446019251918396e-05,22.9892,1.0199
6130.0,32640.0,48.0,680.0,0.0,0,107.0,24.0,0.0,46.0,0.0,22.0,68.0,0.0,39.0,2772.76,25906.41,2.0,161854.0,73.0,21.0,6.0,1.0,6.0,76.3,9425.0,1.72,2.5,1.0,421015,1,0,1.0626861245319855e-05,1.5446019251918396e-05,53.9703,1.0394
6006.0,359760.0,60.0,5996.0,0.0,0,48.0,17.0,0.0,19.0,0.0,4.0,22.0,1.0,25.0,8082.34,32434.69,1.0,161854.0,73.0,21.0,6.0,1.0,6.0,76.3,9425.0,1.72,2.5,1.0,790531,1,0,1.0626861245319855e-05,1.5446019251918396e-05,17.0584,1.0386
6545.0,191880.0,60.0,3198.0,0.0,0,87.0,26.0,0.0,36.0,0.0,16.0,46.0,6.0,35.0,12113.76,53685.79,2.0,103347.0,87.0,16.0,7.0,1.0,7.0,67.0,9104.0,1.51,2.07,1.0,490308,1,0,1.4610970807086805e-05,2.0029608987198466e-05,46.0904,0.0897
6501.0,30276.0,12.0,2523.0,1.0,0,92.0,9.0,0.0,34.0,13.0,0.0,32.0,2.0,58.0,5028.05,31318.87,1.0,103347.0,87.0,16.0,7.0,1.0,7.0,67.0,9104.0,1.51,2.07,1.0,390423,0,0,1.4610970807086805e-05,2.0029608987198466e-05,57.0006,1.0022
4961.0,30276.0,12.0,2523.0,1.0,0,80.0,9.0,0.0,34.0,13.0,0.0,32.0,2.0,46.0,5856.3,25197.09,1.0,103347.0,87.0,16.0,7.0,1.0,7.0,67.0,9104.0,1.51,2.07,1.0,390423,0,0,1.4610970807086805e-05,2.0029608987198466e-05,57.0006,1.0022
6043.0,20352.0,48.0,424.0,0.0,0,48.0,13.0,0.0,21.0,0.0,5.0,26.0,0.0,22.0,3609.74,31814.41,1.0,109164.0,98.0,16.0,6.0,1.0,4.0,63.6,8757.0,3.38,3.95,2.0,480305,0,0,3.0962588399105934e-05,3.6184089993037996e-05,47.9806,0.9708
5482.0,165120.0,60.0,2752.0,0.0,0,116.0,31.0,0.0,51.0,0.0,15.0,66.0,0.0,50.0,3217.27,24377.37,1.0,121947.0,37.0,28.0,7.0,3.0,11.0,70.5,8541.0,2.51,2.97,2.0,500318,0,0,2.0582712161840798e-05,2.4354842677556644e-05,45.9794,1.9591
5128.0,215616.0,48.0,4492.0,1.0,0,61.0,12.0,0.0,31.0,0.0,0.0,31.0,0.0,30.0,5273.67,21447.62,0.0,42821.0,4.0,13.0,5.0,1.0,3.0,48.4,8173.0,2.65,7.01,1.0,570217,1,0,6.188552345811634e-05,0.00016370472431750775,39.0194,0.9798
5282.0,388512.0,48.0,8094.0,1.0,2,120.0,33.0,0.0,66.0,0.0,0.0,58.0,8.0,54.0,7319.42,21371.32,0.0,42821.0,4.0,13.0,5.0,1.0,3.0,48.4,8173.0,2.65,7.01,1.0,690313,0,0,6.188552345811634e-05,0.00016370472431750775,27.0511,1.9707
6613.0,84120.0,24.0,3505.0,0.0,1,19.0,9.0,0.0,7.0,0.0,0.0,7.0,0.0,12.0,14769.1,56910.69,0.0,42821.0,4.0,13.0,5.0,1.0,3.0,48.4,8173.0,2.65,7.01,1.0,500302,0,0,6.188552345811634e-05,0.00016370472431750775,46.062,0.0313
5892.0,66480.0,24.0,2770.0,1.0,1,10.0,4.0,0.0,3.0,0.0,0.0,3.0,0.0,7.0,13609.12,34798.28,0.0,182027.0,17.0,49.0,12.0,2.0,7.0,56.4,8746.0,3.33,3.74,1.0,350721,1,0,1.8293989353227817e-05,2.0546402456778393e-05,60.9793,0.9287
5415.0,139464.0,36.0,3874.0,1.0,0,31.0,7.0,0.0,12.0,0.0,0.0,12.0,0.0,19.0,8131.07,31532.75,0.0,182027.0,17.0,49.0,12.0,2.0,7.0,56.4,8746.0,3.33,3.74,1.0,580812,1,0,1.8293989353227817e-05,2.0546402456778393e-05,38.0114,1.0099
5148.0,284280.0,60.0,4738.0,0.0,0,94.0,1.0,0.0,58.0,18.0,0.0,54.0,4.0,36.0,14790.5,64182.64,1.0,114006.0,71.0,26.0,6.0,2.0,9.0,62.3,9065.0,4.46,5.39,2.0,580915,0,0,3.912074803080539e-05,4.7278213427363467e-05,37.9614,1.9414
6667.0,155880.0,24.0,6495.0,0.0,0,142.0,33.0,0.0,75.0,0.0,16.0,83.0,8.0,51.0,12237.18,63263.15,1.0,114006.0,71.0,26.0,6.0,2.0,9.0,62.3,9065.0,4.46,5.39,2.0,681030,0,0,3.912074803080539e-05,4.7278213427363467e-05,27.9685,1.9702
5741.0,68544.0,24.0,2856.0,0.0,1,54.0,1.0,0.0,22.0,8.0,15.0,32.0,5.0,17.0,8948.18,44948.63,5.0,114006.0,71.0,26.0,6.0,2.0,9.0,62.3,9065.0,4.46,5.39,2.0,760916,1,0,3.912074803080539e-05,4.7278213427363467e-05,20.0187,0.0884
5445.0,46320.0,24.0,1930.0,0.0,0,178.0,31.0,0.0,66.0,0.0,64.0,127.0,3.0,48.0,8064.27,43657.81,3.0,133777.0,24.0,17.0,7.0,3.0,11.0,84.7,8705.0,5.75,7.61,1.0,790214,1,0,4.298197746996868e-05,5.688571279068898e-05,17.0415,1.0527
6751.0,85716.0,36.0,2381.0,0.0,0,19.0,2.0,0.0,4.0,5.0,0.0,4.0,0.0,15.0,7206.16,31337.26,1.0,74062.0,99.0,15.0,4.0,2.0,7.0,61.4,8114.0,2.38,2.62,2.0,380503,1,0,3.213523804380114e-05,3.5375766249898736e-05,58.0211,0.0502
6296.0,270384.0,48.0,5633.0,0.0,0,87.0,3.0,0.0,45.0,15.0,10.0,50.0,5.0,32.0,12403.51,47654.24,2.0,75232.0,55.0,26.0,4.0,1.0,5.0,41.7,8980.0,1.95,2.21,1.0,620407,1,0,2.591982135261591e-05,2.9375797532964697e-05,34.0399,1.0279
7246.0,148920.0,60.0,2482.0,0.0,1,31.0,3.0,0.0,12.0,7.0,3.0,14.0,1.0,16.0,7832.08,32435.32,2.0,108871.0,41.0,29.0,7.0,2.0,6.0,62.1,8444.0,3.24,3.47,1.0,770803,1,0,2.9759991182224836e-05,3.1872583148864256e-05,19.0017,0.0619
5606.0,253512.0,36.0,7042.0,1.0,1,29.0,8.0,0.0,15.0,0.0,0.0,13.0,2.0,14.0,11379.26,37095.84,0.0,108871.0,41.0,29.0,7.0,2.0,6.0,62.1,8444.0,3.24,3.47,1.0,450807,0,0,2.9759991182224836e-05,3.1872583148864256e-05,51.0021,0.07
7036.0,194940.0,36.0,5415.0,0.0,0,91.0,23.0,0.0,53.0,0.0,0.0,52.0,1.0,38.0,12668.32,56669.79,0.0,112065.0,95.0,19.0,7.0,1.0,8.0,69.4,11277.0,1.25,1.44,1.0,641030,1,0,1.115424084236827e-05,1.2849685450408244e-05,31.9895,1.031
6015.0,110112.0,24.0,4588.0,0.0,0,82.0,27.0,0.0,39.0,0.0,6.0,41.0,4.0,37.0,17234.72,76232.7,1.0,107911.0,88.0,33.0,6.0,2.0,7.0,50.9,8240.0,2.53,3.56,1.0,631012,1,0,2.3445246545764564e-05,3.299014928969243e-05,33.0097,0.9894
