loan_id,account_id,date_of_loan,amount_loan,duration_loan,payments_loan,status_loan,district_id,frequency_account,date_of_creation,n.of trans,op 1,op 2,op 3,op 4,op 5,type 1,type 2,type 3,avg trans amount,avg trans balance,n_banks,name,region,no. of inhabitants,no. of municipalities with inhabitants < 499,no. of municipalities with inhabitants 500-1999,no. of municipalities with inhabitants 2000-9999,no. of municipalities with inhabitants >10000,no. of cities,ratio of urban inhabitants,average salary,unemploymant rate '95,unemploymant rate '96,no. of enterpreneurs per 1000 inhabitants,no. of commited crimes '95,no. of commited crimes '96 ,disp_id,client_id,type,nr_clients,card_id,card type,issued,birth_number,birth_date,sex
5314.0,1787.0,930705.0,96396.0,12.0,8033.0,-1.0,30.0,weekly issuance,930322.0,4.0,4.0,,,,,,,4.0,5025.0,12250.0,0.0,Sokolov,west Bohemia,94812.0,15.0,13.0,8.0,2.0,10.0,81.8,9650.0,3.38,3.67,100.0,2985,2804.0,2166,2166.0,OWNER,1.0,,,,475722,470722,0
5316.0,1801.0,930711.0,165960.0,36.0,4610.0,1.0,46.0,monthly issuance,930213.0,37.0,12.0,,12.0,,8.0,18.0,2.0,17.0,11015.64,52083.86,3.0,Nachod,east Bohemia,112709.0,48.0,20.0,7.0,3.0,10.0,73.5,8369.0,1.79,2.31,117.0,2854,2618.0,2181,2181.0,OWNER,1.0,,,,680722,680722,1
6863.0,9188.0,930728.0,127080.0,60.0,2118.0,1.0,45.0,monthly issuance,930208.0,24.0,2.0,,6.0,5.0,3.0,9.0,,15.0,5417.46,30060.95,2.0,Jicin,east Bohemia,77917.0,85.0,19.0,6.0,1.0,5.0,53.5,8390.0,2.28,2.89,132.0,2080,2122.0,11006,11314.0,OWNER,1.0,,,,360602,360602,1
6668.0,8129.0,940730.0,74736.0,36.0,2076.0,1.0,45.0,monthly issuance,930626.0,67.0,14.0,,33.0,,8.0,41.0,,26.0,8191.96,37913.0,1.0,Jicin,east Bohemia,77917.0,85.0,19.0,6.0,1.0,5.0,53.5,8390.0,2.28,2.89,132.0,2080,2122.0,9735,10043.0,OWNER,1.0,,,,651029,651029,1
5160.0,1011.0,951218.0,204000.0,60.0,3400.0,1.0,45.0,monthly issuance,941217.0,65.0,2.0,,32.0,12.0,8.0,37.0,3.0,25.0,7701.99,37809.4,2.0,Jicin,east Bohemia,77917.0,85.0,19.0,6.0,1.0,5.0,53.5,8390.0,2.28,2.89,132.0,2080,2122.0,1215,1215.0,OWNER,1.0,,,,440506,440506,1
6461.0,7136.0,960919.0,74124.0,36.0,2059.0,1.0,12.0,weekly issuance,950409.0,122.0,24.0,,50.0,,33.0,83.0,,39.0,9023.63,54371.3,3.0,Pribram,central Bohemia,107870.0,84.0,29.0,6.0,1.0,6.0,58.0,8754.0,3.83,4.31,137.0,3804,3868.0,8615,8615.0,OWNER,1.0,,,,395413,390413,0
7271.0,11186.0,961002.0,392460.0,60.0,6541.0,1.0,12.0,monthly issuance,941124.0,143.0,2.0,,79.0,22.0,18.0,88.0,9.0,46.0,12882.52,57131.74,2.0,Pribram,central Bohemia,107870.0,84.0,29.0,6.0,1.0,6.0,58.0,8754.0,3.83,4.31,137.0,3804,3868.0,13442,13750.0,OWNER,2.0,,,,806113,801113,0
6820.0,9034.0,931216.0,38148.0,12.0,3179.0,1.0,1.0,monthly issuance,930628.0,29.0,2.0,,7.0,6.0,4.0,10.0,1.0,18.0,8369.56,37462.09,4.0,Hl.m. Praha,Prague,1204953.0,0.0,0.0,0.0,1.0,1.0,100.0,12541.0,0.29,0.43,167.0,85677,99107.0,10818,11126.0,OWNER,1.0,,,,655122,650122,0
4959.0,2.0,940105.0,80952.0,24.0,3373.0,1.0,1.0,monthly issuance,930226.0,54.0,2.0,,27.0,10.0,5.0,29.0,3.0,22.0,7954.26,32590.62,2.0,Hl.m. Praha,Prague,1204953.0,0.0,0.0,0.0,1.0,1.0,100.0,12541.0,0.29,0.43,167.0,85677,99107.0,2,2.0,OWNER,2.0,,,,450204,450204,1
6499.0,7401.0,940105.0,80952.0,24.0,3373.0,1.0,1.0,monthly issuance,930226.0,54.0,2.0,,27.0,10.0,5.0,29.0,3.0,22.0,7937.75,33312.54,2.0,Hl.m. Praha,Prague,1204953.0,0.0,0.0,0.0,1.0,1.0,100.0,12541.0,0.29,0.43,167.0,85677,99107.0,8865,9173.0,OWNER,2.0,,,,450204,450204,1
5479.0,2486.0,940110.0,24516.0,12.0,2043.0,1.0,1.0,monthly issuance,930227.0,73.0,21.0,,42.0,,,33.0,9.0,31.0,16201.56,55582.23,0.0,Hl.m. Praha,Prague,1204953.0,0.0,0.0,0.0,1.0,1.0,100.0,12541.0,0.29,0.43,167.0,85677,99107.0,3001,3001.0,OWNER,1.0,,,,581007,581007,1
6736.0,8558.0,940614.0,288360.0,60.0,4806.0,1.0,1.0,issuance after transaction,940227.0,10.0,4.0,,2.0,,,2.0,,8.0,8585.04,33211.76,0.0,Hl.m. Praha,Prague,1204953.0,0.0,0.0,0.0,1.0,1.0,100.0,12541.0,0.29,0.43,167.0,85677,99107.0,10247,10555.0,OWNER,1.0,,,,351215,351215,1
7220.0,10911.0,940728.0,131292.0,36.0,3647.0,1.0,1.0,weekly issuance,930529.0,83.0,2.0,,44.0,14.0,10.0,53.0,1.0,29.0,7915.58,36635.12,2.0,Hl.m. Praha,Prague,1204953.0,0.0,0.0,0.0,1.0,1.0,100.0,12541.0,0.29,0.43,167.0,85677,99107.0,13104,13412.0,OWNER,1.0,,,,540320,540320,1
6919.0,9403.0,940805.0,120888.0,36.0,3358.0,1.0,1.0,weekly issuance,930327.0,96.0,21.0,,48.0,,12.0,56.0,4.0,36.0,9301.09,40838.76,1.0,Hl.m. Praha,Prague,1204953.0,0.0,0.0,0.0,1.0,1.0,100.0,12541.0,0.29,0.43,167.0,85677,99107.0,11266,11574.0,OWNER,1.0,,,,445420,440420,0
6038.0,5120.0,940810.0,323472.0,48.0,6739.0,1.0,1.0,monthly issuance,930621.0,57.0,19.0,,24.0,,5.0,25.0,4.0,28.0,12422.02,45414.07,1.0,Hl.m. Praha,Prague,1204953.0,0.0,0.0,0.0,1.0,1.0,100.0,12541.0,0.29,0.43,167.0,85677,99107.0,6178,6178.0,OWNER,1.0,,,,406015,401015,0
6229.0,6040.0,941002.0,11736.0,24.0,489.0,1.0,1.0,monthly issuance,930422.0,133.0,19.0,,59.0,,38.0,97.0,,36.0,6032.84,42224.44,3.0,Hl.m. Praha,Prague,1204953.0,0.0,0.0,0.0,1.0,1.0,100.0,12541.0,0.29,0.43,167.0,85677,99107.0,7299,7299.0,OWNER,1.0,,,,380916,380916,1
7142.0,10451.0,941219.0,482940.0,60.0,8049.0,-1.0,1.0,monthly issuance,930829.0,130.0,26.0,,40.0,,34.0,74.0,,56.0,4060.68,26358.75,3.0,Hl.m. Praha,Prague,1204953.0,0.0,0.0,0.0,1.0,1.0,100.0,12541.0,0.29,0.43,167.0,85677,99107.0,12551,12859.0,OWNER,1.0,,,,765521,760521,0
5576.0,2962.0,941221.0,31248.0,12.0,2604.0,1.0,1.0,monthly issuance,930530.0,120.0,33.0,,69.0,,,61.0,8.0,51.0,13845.46,64493.1,0.0,Hl.m. Praha,Prague,1204953.0,0.0,0.0,0.0,1.0,1.0,100.0,12541.0,0.29,0.43,167.0,85677,99107.0,3576,3576.0,OWNER,1.0,,,,395315,390315,0
5739.0,3747.0,950102.0,76380.0,12.0,6365.0,1.0,1.0,monthly issuance,940501.0,45.0,12.0,,13.0,,12.0,25.0,,20.0,3571.59,26122.85,2.0,Hl.m. Praha,Prague,1204953.0,0.0,0.0,0.0,1.0,1.0,100.0,12541.0,0.29,0.43,167.0,85677,99107.0,4520,4520.0,OWNER,1.0,,,,575628,570628,0
6244.0,6118.0,950108.0,270648.0,36.0,7518.0,-1.0,1.0,weekly issuance,940307.0,72.0,16.0,,36.0,,,36.0,,36.0,12958.56,60819.98,0.0,Hl.m. Praha,Prague,1204953.0,0.0,0.0,0.0,1.0,1.0,100.0,12541.0,0.29,0.43,167.0,85677,99107.0,7390,7390.0,OWNER,1.0,,,,371104,371104,1
6960.0,9640.0,950111.0,76416.0,24.0,3184.0,1.0,1.0,monthly issuance,930313.0,153.0,13.0,,60.0,22.0,36.0,89.0,7.0,57.0,6527.34,31375.16,3.0,Hl.m. Praha,Prague,1204953.0,0.0,0.0,0.0,1.0,1.0,100.0,12541.0,0.29,0.43,167.0,85677,99107.0,11558,11866.0,OWNER,2.0,,,,370902,370902,1
5724.0,3678.0,950205.0,316140.0,60.0,5269.0,-1.0,1.0,monthly issuance,930324.0,139.0,38.0,,79.0,,,79.0,,60.0,3872.07,18632.93,0.0,Hl.m. Praha,Prague,1204953.0,0.0,0.0,0.0,1.0,1.0,100.0,12541.0,0.29,0.43,167.0,85677,99107.0,4433,4433.0,OWNER,1.0,,,,680222,680222,1
7241.0,11021.0,950304.0,168984.0,24.0,7041.0,-1.0,1.0,monthly issuance,930810.0,160.0,36.0,,86.0,,,78.0,8.0,74.0,11357.39,56054.0,0.0,Hl.m. Praha,Prague,1204953.0,0.0,0.0,0.0,1.0,1.0,100.0,12541.0,0.29,0.43,167.0,85677,99107.0,13240,13548.0,OWNER,1.0,,,,760318,760318,1
6546.0,7607.0,950327.0,31728.0,24.0,1322.0,1.0,1.0,monthly issuance,930905.0,117.0,23.0,,62.0,,14.0,76.0,,41.0,5173.09,31139.75,1.0,Hl.m. Praha,Prague,1204953.0,0.0,0.0,0.0,1.0,1.0,100.0,12541.0,0.29,0.43,167.0,85677,99107.0,9110,9418.0,OWNER,2.0,,,,500410,500410,1
5740.0,3752.0,950402.0,18564.0,12.0,1547.0,1.0,1.0,monthly issuance,941125.0,13.0,5.0,,4.0,,,4.0,,9.0,8589.67,35538.05,0.0,Hl.m. Praha,Prague,1204953.0,0.0,0.0,0.0,1.0,1.0,100.0,12541.0,0.29,0.43,167.0,85677,99107.0,4527,4527.0,OWNER,1.0,,,,635204,630204,0
7008.0,9897.0,950922.0,36168.0,12.0,3014.0,1.0,1.0,monthly issuance,950304.0,36.0,2.0,,13.0,7.0,8.0,20.0,1.0,15.0,6931.62,39063.77,3.0,Hl.m. Praha,Prague,1204953.0,0.0,0.0,0.0,1.0,1.0,100.0,12541.0,0.29,0.43,167.0,85677,99107.0,11873,12181.0,OWNER,1.0,,,,610819,610819,1
7057.0,10093.0,951020.0,231696.0,36.0,6436.0,1.0,1.0,weekly issuance,940701.0,126.0,3.0,,57.0,16.0,35.0,83.0,9.0,34.0,10683.37,45873.62,3.0,Hl.m. Praha,Prague,1204953.0,0.0,0.0,0.0,1.0,1.0,100.0,12541.0,0.29,0.43,167.0,85677,99107.0,12108,12416.0,OWNER,2.0,,,,730530,730530,1
7304.0,11349.0,951029.0,419880.0,60.0,6998.0,1.0,1.0,weekly issuance,950526.0,18.0,2.0,,6.0,5.0,1.0,7.0,,11.0,24426.47,59352.83,1.0,Hl.m. Praha,Prague,1204953.0,0.0,0.0,0.0,1.0,1.0,100.0,12541.0,0.29,0.43,167.0,85677,99107.0,13647,13955.0,OWNER,2.0,,,,456030,451030,0
6185.0,5774.0,951128.0,31176.0,24.0,1299.0,1.0,1.0,monthly issuance,950608.0,23.0,7.0,,9.0,,2.0,11.0,,12.0,9027.32,46304.15,2.0,Hl.m. Praha,Prague,1204953.0,0.0,0.0,0.0,1.0,1.0,100.0,12541.0,0.29,0.43,167.0,85677,99107.0,6987,6987.0,OWNER,1.0,,,,680129,680129,1
6785.0,8899.0,951225.0,125340.0,60.0,2089.0,1.0,1.0,weekly issuance,940905.0,127.0,29.0,,57.0,,13.0,62.0,8.0,57.0,9686.67,51145.52,1.0,Hl.m. Praha,Prague,1204953.0,0.0,0.0,0.0,1.0,1.0,100.0,12541.0,0.29,0.43,167.0,85677,99107.0,10655,10963.0,OWNER,1.0,,,,440615,440615,1
6698.0,8327.0,960310.0,247728.0,48.0,5161.0,1.0,1.0,weekly issuance,950808.0,50.0,11.0,,21.0,,6.0,25.0,2.0,23.0,12112.08,60054.73,2.0,Hl.m. Praha,Prague,1204953.0,0.0,0.0,0.0,1.0,1.0,100.0,12541.0,0.29,0.43,167.0,85677,99107.0,9974,10282.0,OWNER,1.0,,,,790619,790619,1
6063.0,5213.0,960425.0,320976.0,48.0,6687.0,-1.0,1.0,monthly issuance,950818.0,50.0,1.0,,27.0,8.0,,24.0,3.0,23.0,15093.96,49482.97,1.0,Hl.m. Praha,Prague,1204953.0,0.0,0.0,0.0,1.0,1.0,100.0,12541.0,0.29,0.43,167.0,85677,99107.0,6299,6299.0,OWNER,1.0,,,,360809,360809,1
5429.0,2268.0,960718.0,20196.0,36.0,561.0,1.0,1.0,monthly issuance,950211.0,96.0,18.0,,49.0,,13.0,62.0,,34.0,8501.32,52636.6,1.0,Hl.m. Praha,Prague,1204953.0,0.0,0.0,0.0,1.0,1.0,100.0,12541.0,0.29,0.43,167.0,85677,99107.0,2746,2746.0,OWNER,1.0,,,,710225,710225,1
6012.0,4994.0,960803.0,258444.0,36.0,7179.0,1.0,1.0,weekly issuance,960111.0,16.0,7.0,,4.0,,,4.0,,12.0,8680.76,40688.14,0.0,Hl.m. Praha,Prague,1204953.0,0.0,0.0,0.0,1.0,1.0,100.0,12541.0,0.29,0.43,167.0,85677,99107.0,6033,6033.0,OWNER,1.0,,,,660527,660527,1
5385.0,2143.0,960909.0,71460.0,36.0,1985.0,1.0,1.0,monthly issuance,960113.0,31.0,9.0,,12.0,,3.0,15.0,,16.0,10132.92,49220.98,1.0,Hl.m. Praha,Prague,1204953.0,0.0,0.0,0.0,1.0,1.0,100.0,12541.0,0.29,0.43,167.0,85677,99107.0,2592,2592.0,OWNER,2.0,,,,805831,800831,0
7194.0,10762.0,960917.0,68832.0,36.0,1912.0,1.0,1.0,monthly issuance,951023.0,53.0,14.0,,23.0,,6.0,29.0,,24.0,7828.98,37557.05,1.0,Hl.m. Praha,Prague,1204953.0,0.0,0.0,0.0,1.0,1.0,100.0,12541.0,0.29,0.43,167.0,85677,99107.0,12923,13231.0,OWNER,1.0,,,,590701,590701,1
5375.0,2106.0,961003.0,101520.0,12.0,8460.0,1.0,1.0,monthly issuance,960201.0,38.0,10.0,,16.0,,4.0,20.0,,18.0,5370.04,26449.09,1.0,Hl.m. Praha,Prague,1204953.0,0.0,0.0,0.0,1.0,1.0,100.0,12541.0,0.29,0.43,167.0,85677,99107.0,2550,2550.0,OWNER,1.0,,,,766012,761012,0
5635.0,3230.0,961004.0,77184.0,36.0,2144.0,1.0,1.0,monthly issuance,950311.0,77.0,20.0,,41.0,,,39.0,2.0,36.0,14561.26,50722.27,0.0,Hl.m. Praha,Prague,1204953.0,0.0,0.0,0.0,1.0,1.0,100.0,12541.0,0.29,0.43,167.0,85677,99107.0,3907,3907.0,OWNER,1.0,,,,546209,541209,0
6817.0,9024.0,961004.0,70656.0,48.0,1472.0,1.0,1.0,monthly issuance,960105.0,53.0,11.0,,20.0,,4.0,24.0,,29.0,5188.34,32646.85,1.0,Hl.m. Praha,Prague,1204953.0,0.0,0.0,0.0,1.0,1.0,100.0,12541.0,0.29,0.43,167.0,85677,99107.0,10806,11114.0,OWNER,1.0,,,,520726,520726,1
6309.0,6434.0,961111.0,110136.0,24.0,4589.0,1.0,1.0,monthly issuance,950508.0,63.0,17.0,,28.0,,6.0,34.0,,29.0,11660.54,50815.8,1.0,Hl.m. Praha,Prague,1204953.0,0.0,0.0,0.0,1.0,1.0,100.0,12541.0,0.29,0.43,167.0,85677,99107.0,7765,7765.0,OWNER,1.0,,,,585224,580224,0
6940.0,9510.0,961122.0,228276.0,36.0,6341.0,1.0,1.0,monthly issuance,960609.0,20.0,8.0,,7.0,,,7.0,,13.0,7186.86,41402.13,0.0,Hl.m. Praha,Prague,1204953.0,0.0,0.0,0.0,1.0,1.0,100.0,12541.0,0.29,0.43,167.0,85677,99107.0,11401,11709.0,OWNER,2.0,,,,610803,610803,1
6687.0,8261.0,930913.0,87840.0,24.0,3660.0,1.0,13.0,monthly issuance,930512.0,17.0,2.0,,3.0,4.0,,3.0,,14.0,9496.93,46318.55,1.0,Rakovnik,central Bohemia,53921.0,61.0,22.0,1.0,1.0,2.0,41.3,8598.0,2.77,3.26,123.0,1597,1875.0,9892,10200.0,OWNER,2.0,,,,805216,800216,0
6027.0,5066.0,960210.0,61656.0,24.0,2569.0,-1.0,13.0,weekly issuance,950827.0,12.0,6.0,,3.0,,,3.0,,9.0,16007.96,44763.46,0.0,Rakovnik,central Bohemia,53921.0,61.0,22.0,1.0,1.0,2.0,41.3,8598.0,2.77,3.26,123.0,1597,1875.0,6115,6115.0,OWNER,1.0,,,,536225,531225,0
6137.0,5574.0,960410.0,44628.0,12.0,3719.0,1.0,13.0,weekly issuance,940714.0,146.0,2.0,,87.0,21.0,16.0,91.0,12.0,43.0,14238.08,49477.32,2.0,Rakovnik,central Bohemia,53921.0,61.0,22.0,1.0,1.0,2.0,41.3,8598.0,2.77,3.26,123.0,1597,1875.0,6731,6731.0,OWNER,1.0,,,,431126,431126,1
5082.0,501.0,961024.0,262980.0,60.0,4383.0,1.0,13.0,monthly issuance,951021.0,56.0,13.0,,32.0,,,32.0,,24.0,7310.24,41729.62,0.0,Rakovnik,central Bohemia,53921.0,61.0,22.0,1.0,1.0,2.0,41.3,8598.0,2.77,3.26,123.0,1597,1875.0,603,603.0,OWNER,1.0,,,,665309,660309,0
7284.0,11265.0,930915.0,52788.0,12.0,4399.0,1.0,15.0,monthly issuance,930114.0,43.0,14.0,,14.0,,8.0,22.0,,21.0,3714.9,22198.18,2.0,Cesky Krumlov,south Bohemia,58796.0,22.0,16.0,7.0,1.0,5.0,51.9,9045.0,3.13,3.6,124.0,1845,1879.0,13537,13845.0,OWNER,1.0,,,,730216,730216,1
6210.0,5927.0,940606.0,87216.0,48.0,1817.0,-1.0,15.0,monthly issuance,931126.0,33.0,3.0,,12.0,6.0,,11.0,1.0,21.0,4041.38,28362.25,1.0,Cesky Krumlov,south Bohemia,58796.0,22.0,16.0,7.0,1.0,5.0,51.9,9045.0,3.13,3.6,124.0,1845,1879.0,7166,7166.0,OWNER,1.0,,,,640513,640513,1
5980.0,4825.0,950818.0,21396.0,12.0,1783.0,1.0,15.0,monthly issuance,940604.0,78.0,5.0,,44.0,15.0,,38.0,6.0,34.0,4644.44,30812.95,1.0,Cesky Krumlov,south Bohemia,58796.0,22.0,16.0,7.0,1.0,5.0,51.9,9045.0,3.13,3.6,124.0,1845,1879.0,5826,5826.0,OWNER,2.0,,,,680909,680909,1
6144.0,5593.0,960809.0,44376.0,12.0,3698.0,1.0,15.0,monthly issuance,960227.0,39.0,13.0,,17.0,,4.0,16.0,5.0,18.0,15332.39,53505.22,1.0,Cesky Krumlov,south Bohemia,58796.0,22.0,16.0,7.0,1.0,5.0,51.9,9045.0,3.13,3.6,124.0,1845,1879.0,6753,6753.0,OWNER,1.0,,,,620523,620523,1
6111.0,5428.0,930924.0,174744.0,24.0,7281.0,-1.0,24.0,monthly issuance,930414.0,32.0,11.0,,16.0,,,14.0,2.0,16.0,11557.95,37485.46,0.0,Karlovy Vary,west Bohemia,122603.0,25.0,21.0,6.0,2.0,8.0,80.0,8991.0,1.39,2.01,128.0,5198,5273.0,6551,6551.0,OWNER,1.0,,,,485812,480812,0
6650.0,8073.0,940217.0,49320.0,12.0,4110.0,-1.0,24.0,issuance after transaction,930903.0,49.0,12.0,,22.0,,10.0,30.0,2.0,17.0,10548.36,46576.28,2.0,Karlovy Vary,west Bohemia,122603.0,25.0,21.0,6.0,2.0,8.0,80.0,8991.0,1.39,2.01,128.0,5198,5273.0,9665,9973.0,OWNER,1.0,,,,456003,451003,0
7034.0,10001.0,960711.0,19044.0,36.0,529.0,1.0,24.0,monthly issuance,950528.0,69.0,16.0,,40.0,,,40.0,,29.0,6600.44,43121.76,0.0,Karlovy Vary,west Bohemia,122603.0,25.0,21.0,6.0,2.0,8.0,80.0,8991.0,1.39,2.01,128.0,5198,5273.0,11995,12303.0,OWNER,1.0,,,,745405,740405,0
5897.0,4476.0,960925.0,15192.0,24.0,633.0,1.0,24.0,monthly issuance,941110.0,169.0,26.0,,68.0,,54.0,122.0,,47.0,4099.69,29941.91,3.0,Karlovy Vary,west Bohemia,122603.0,25.0,21.0,6.0,2.0,8.0,80.0,8991.0,1.39,2.01,128.0,5198,5273.0,5399,5399.0,OWNER,1.0,,,,726227,721227,0
7235.0,10973.0,931013.0,154416.0,48.0,3217.0,1.0,18.0,weekly issuance,930420.0,32.0,10.0,,16.0,,,14.0,2.0,16.0,9740.15,46715.8,0.0,Pisek,south Bohemia,70699.0,60.0,13.0,2.0,1.0,4.0,65.3,8968.0,2.83,3.35,131.0,1740,1910.0,13182,13490.0,OWNER,1.0,,,,695525,690525,0
5997.0,4894.0,931104.0,117024.0,24.0,4876.0,1.0,14.0,monthly issuance,930620.0,13.0,1.0,,4.0,4.0,,4.0,,9.0,14122.58,44131.17,1.0,Ceske Budejovice,south Bohemia,177686.0,69.0,27.0,10.0,1.0,9.0,74.8,10045.0,1.42,1.71,135.0,6604,6295.0,5911,5911.0,OWNER,1.0,,,,351003,351003,1
6734.0,8547.0,960530.0,173016.0,36.0,4806.0,1.0,14.0,weekly issuance,950717.0,94.0,29.0,,47.0,,,42.0,5.0,47.0,13519.83,61799.24,0.0,Ceske Budejovice,south Bohemia,177686.0,69.0,27.0,10.0,1.0,9.0,74.8,10045.0,1.42,1.71,135.0,6604,6295.0,10235,10543.0,OWNER,1.0,,,,455223,450223,0
5611.0,3115.0,961115.0,321180.0,60.0,5353.0,1.0,14.0,monthly issuance,960327.0,38.0,2.0,,17.0,8.0,4.0,18.0,3.0,17.0,13585.03,40524.46,2.0,Ceske Budejovice,south Bohemia,177686.0,69.0,27.0,10.0,1.0,9.0,74.8,10045.0,1.42,1.71,135.0,6604,6295.0,3767,3767.0,OWNER,2.0,,,,360907,360907,1
7101.0,10297.0,961118.0,421008.0,48.0,8771.0,1.0,14.0,monthly issuance,960119.0,50.0,13.0,,22.0,,6.0,28.0,,22.0,8521.96,37436.42,1.0,Ceske Budejovice,south Bohemia,177686.0,69.0,27.0,10.0,1.0,9.0,74.8,10045.0,1.42,1.71,135.0,6604,6295.0,12354,12662.0,OWNER,1.0,,,,530601,530601,1
7121.0,10364.0,931110.0,21924.0,36.0,609.0,1.0,55.0,monthly issuance,930117.0,45.0,12.0,,19.0,,5.0,24.0,,21.0,5957.54,34272.21,1.0,Brno - venkov,south Moravia,157042.0,49.0,70.0,18.0,0.0,9.0,33.9,8743.0,1.88,2.43,111.0,3659,3894.0,12446,12754.0,OWNER,2.0,,,,600820,600820,1
6064.0,5215.0,940804.0,14628.0,12.0,1219.0,1.0,55.0,monthly issuance,930701.0,102.0,16.0,,40.0,,33.0,73.0,,29.0,4093.04,32788.14,2.0,Brno - venkov,south Moravia,157042.0,49.0,70.0,18.0,0.0,9.0,33.9,8743.0,1.88,2.43,111.0,3659,3894.0,6301,6301.0,OWNER,1.0,,,,495308,490308,0
7061.0,10105.0,940827.0,121896.0,24.0,5079.0,1.0,55.0,monthly issuance,930428.0,93.0,24.0,,54.0,,,47.0,7.0,39.0,13230.34,54422.6,0.0,Brno - venkov,south Moravia,157042.0,49.0,70.0,18.0,0.0,9.0,33.9,8743.0,1.88,2.43,111.0,3659,3894.0,12124,12432.0,OWNER,1.0,,,,650307,650307,1
6624.0,7965.0,940930.0,71460.0,12.0,5955.0,1.0,55.0,monthly issuance,931108.0,43.0,12.0,,19.0,,4.0,22.0,1.0,20.0,10433.44,47991.53,1.0,Brno - venkov,south Moravia,157042.0,49.0,70.0,18.0,0.0,9.0,33.9,8743.0,1.88,2.43,111.0,3659,3894.0,9536,9844.0,OWNER,2.0,,,,450803,450803,1
7154.0,10520.0,961205.0,417600.0,60.0,6960.0,1.0,55.0,issuance after transaction,951024.0,34.0,8.0,4.0,9.0,,,13.0,,21.0,8159.97,43196.74,0.0,Brno - venkov,south Moravia,157042.0,49.0,70.0,18.0,0.0,9.0,33.9,8743.0,1.88,2.43,111.0,3659,3894.0,12635,12943.0,OWNER,1.0,1187.0,gold,960717.0,701012,701012,1
6077.0,5270.0,931122.0,79608.0,24.0,3317.0,1.0,44.0,monthly issuance,930113.0,53.0,1.0,,31.0,11.0,,28.0,3.0,22.0,17600.36,69954.57,1.0,Chrudim,east Bohemia,105606.0,77.0,26.0,7.0,2.0,7.0,53.0,8254.0,2.79,3.76,97.0,2166,2325.0,6367,6367.0,OWNER,1.0,,,,700428,700428,1
6103.0,5385.0,940407.0,149340.0,60.0,2489.0,1.0,44.0,weekly issuance,930521.0,56.0,3.0,,27.0,10.0,6.0,32.0,1.0,23.0,5778.79,29069.12,1.0,Chrudim,east Bohemia,105606.0,77.0,26.0,7.0,2.0,7.0,53.0,8254.0,2.79,3.76,97.0,2166,2325.0,6499,6499.0,OWNER,1.0,,,,630201,630201,1
7227.0,10942.0,951002.0,314520.0,60.0,5242.0,1.0,44.0,weekly issuance,940605.0,130.0,40.0,,62.0,,12.0,72.0,2.0,56.0,15168.36,63527.42,1.0,Chrudim,east Bohemia,105606.0,77.0,26.0,7.0,2.0,7.0,53.0,8254.0,2.79,3.76,97.0,2166,2325.0,13143,13451.0,OWNER,1.0,,,,556118,551118,0
5593.0,3037.0,960418.0,277884.0,36.0,7719.0,-1.0,44.0,monthly issuance,940526.0,117.0,26.0,,71.0,,,70.0,1.0,46.0,10720.31,46487.0,0.0,Chrudim,east Bohemia,105606.0,77.0,26.0,7.0,2.0,7.0,53.0,8254.0,2.79,3.76,97.0,2166,2325.0,3670,3670.0,OWNER,1.0,,,,805917,800917,0
6474.0,7190.0,950606.0,63360.0,60.0,1056.0,1.0,49.0,monthly issuance,930906.0,119.0,29.0,,54.0,,16.0,70.0,,49.0,3181.77,29108.36,1.0,Semily,east Bohemia,75685.0,31.0,28.0,5.0,1.0,9.0,60.8,8208.0,1.89,2.26,155.0,1660,2123.0,8677,8677.0,OWNER,2.0,,,,550814,550814,1
5523.0,2705.0,931208.0,93888.0,36.0,2608.0,1.0,63.0,issuance after transaction,930705.0,19.0,2.0,,7.0,5.0,,7.0,,12.0,7121.92,37510.49,1.0,Vyskov,south Moravia,86513.0,38.0,36.0,5.0,1.0,5.0,50.5,8288.0,3.79,4.52,110.0,1562,1460.0,3264,3264.0,OWNER,1.0,,,,506020,501020,0
5657.0,3354.0,940705.0,4980.0,12.0,415.0,1.0,63.0,monthly issuance,931105.0,46.0,11.0,,17.0,,10.0,27.0,,19.0,3932.5,30533.37,3.0,Vyskov,south Moravia,86513.0,38.0,36.0,5.0,1.0,5.0,50.5,8288.0,3.79,4.52,110.0,1562,1460.0,4056,4056.0,OWNER,1.0,,,,525726,520726,0
6526.0,7523.0,950103.0,288468.0,36.0,8013.0,1.0,63.0,monthly issuance,940829.0,17.0,6.0,,3.0,,,3.0,,14.0,8402.38,36999.52,0.0,Vyskov,south Moravia,86513.0,38.0,36.0,5.0,1.0,5.0,50.5,8288.0,3.79,4.52,110.0,1562,1460.0,9008,9316.0,OWNER,1.0,,,,586026,581026,0
6509.0,7445.0,940315.0,55368.0,24.0,2307.0,1.0,64.0,monthly issuance,930318.0,98.0,25.0,,51.0,,,39.0,12.0,47.0,8702.48,46061.32,0.0,Zlin,south Moravia,197099.0,29.0,41.0,10.0,2.0,10.0,74.7,9624.0,1.60,2.31,145.0,4484,4265.0,8918,9226.0,OWNER,1.0,,,,396225,391225,0
6808.0,8982.0,941012.0,227880.0,36.0,6330.0,1.0,64.0,monthly issuance,930925.0,83.0,21.0,,38.0,,,36.0,2.0,45.0,8156.79,45134.72,0.0,Zlin,south Moravia,197099.0,29.0,41.0,10.0,2.0,10.0,74.7,9624.0,1.60,2.31,145.0,4484,4265.0,10755,11063.0,OWNER,2.0,,,,556104,551104,0
6745.0,8625.0,950410.0,47304.0,24.0,1971.0,1.0,64.0,monthly issuance,931110.0,167.0,42.0,,77.0,,14.0,83.0,8.0,76.0,13867.85,68740.02,1.0,Zlin,south Moravia,197099.0,29.0,41.0,10.0,2.0,10.0,74.7,9624.0,1.60,2.31,145.0,4484,4265.0,10328,10636.0,OWNER,1.0,,,,710803,710803,1
6764.0,8776.0,950826.0,33984.0,48.0,708.0,1.0,64.0,monthly issuance,940824.0,70.0,14.0,,34.0,,,34.0,,36.0,4598.14,38587.76,0.0,Zlin,south Moravia,197099.0,29.0,41.0,10.0,2.0,10.0,74.7,9624.0,1.60,2.31,145.0,4484,4265.0,10510,10818.0,OWNER,1.0,,,,720804,720804,1
6933.0,9493.0,950909.0,188688.0,48.0,3931.0,1.0,64.0,monthly issuance,950402.0,22.0,2.0,,9.0,5.0,1.0,7.0,3.0,12.0,10873.77,42203.17,2.0,Zlin,south Moravia,197099.0,29.0,41.0,10.0,2.0,10.0,74.7,9624.0,1.60,2.31,145.0,4484,4265.0,11377,11685.0,OWNER,1.0,,,,655723,650723,0
5494.0,2572.0,960613.0,360000.0,48.0,7500.0,1.0,64.0,issuance after transaction,941113.0,136.0,2.0,,79.0,19.0,,72.0,7.0,57.0,14897.4,51149.66,1.0,Zlin,south Moravia,197099.0,29.0,41.0,10.0,2.0,10.0,74.7,9624.0,1.60,2.31,145.0,4484,4265.0,3103,3103.0,OWNER,1.0,,,,735307,730307,0
5725.0,3679.0,960723.0,444864.0,48.0,9268.0,1.0,64.0,monthly issuance,950815.0,64.0,17.0,,25.0,,12.0,37.0,,27.0,6433.18,32404.77,2.0,Zlin,south Moravia,197099.0,29.0,41.0,10.0,2.0,10.0,74.7,9624.0,1.60,2.31,145.0,4484,4265.0,4434,4434.0,OWNER,2.0,,,,640329,640329,1
6283.0,6289.0,960811.0,85632.0,48.0,1784.0,1.0,64.0,monthly issuance,950405.0,85.0,23.0,,47.0,,,46.0,1.0,38.0,15232.29,65066.74,0.0,Zlin,south Moravia,197099.0,29.0,41.0,10.0,2.0,10.0,74.7,9624.0,1.60,2.31,145.0,4484,4265.0,7594,7594.0,OWNER,1.0,,,,495407,490407,0
6995.0,9814.0,960926.0,96168.0,12.0,8014.0,1.0,64.0,weekly issuance,950119.0,149.0,27.0,,65.0,,,59.0,6.0,84.0,8240.56,50492.69,0.0,Zlin,south Moravia,197099.0,29.0,41.0,10.0,2.0,10.0,74.7,9624.0,1.60,2.31,145.0,4484,4265.0,11771,12079.0,OWNER,1.0,,,,725812,720812,0
6585.0,7795.0,961029.0,372120.0,60.0,6202.0,1.0,64.0,monthly issuance,950105.0,172.0,50.0,,101.0,,,91.0,10.0,71.0,15182.1,64044.05,0.0,Zlin,south Moravia,197099.0,29.0,41.0,10.0,2.0,10.0,74.7,9624.0,1.60,2.31,145.0,4484,4265.0,9333,9641.0,OWNER,2.0,,,,450126,450126,1
6073.0,5263.0,961112.0,276300.0,60.0,4605.0,1.0,64.0,monthly issuance,950714.0,92.0,30.0,,36.0,,11.0,47.0,,45.0,3104.78,25997.56,1.0,Zlin,south Moravia,197099.0,29.0,41.0,10.0,2.0,10.0,74.7,9624.0,1.60,2.31,145.0,4484,4265.0,6359,6359.0,OWNER,1.0,,,,760706,760706,1
7104.0,10320.0,931213.0,259740.0,60.0,4329.0,1.0,68.0,monthly issuance,930711.0,17.0,1.0,,6.0,5.0,1.0,7.0,,10.0,13038.09,45198.15,2.0,Frydek - Mistek,north Moravia,228848.0,15.0,40.0,18.0,2.0,6.0,57.2,9893.0,4.09,4.72,96.0,5623,5887.0,12387,12695.0,OWNER,1.0,,,,790316,790316,1
6737.0,8564.0,950311.0,76680.0,24.0,3195.0,1.0,68.0,monthly issuance,930912.0,143.0,2.0,,64.0,17.0,26.0,82.0,8.0,53.0,9877.5,62933.47,3.0,Frydek - Mistek,north Moravia,228848.0,15.0,40.0,18.0,2.0,6.0,57.2,9893.0,4.09,4.72,96.0,5623,5887.0,10255,10563.0,OWNER,2.0,,,,490107,490107,1
5352.0,1993.0,950415.0,68400.0,12.0,5700.0,-1.0,68.0,monthly issuance,941030.0,14.0,4.0,,5.0,,,5.0,,9.0,7253.3,31793.74,0.0,Frydek - Mistek,north Moravia,228848.0,15.0,40.0,18.0,2.0,6.0,57.2,9893.0,4.09,4.72,96.0,5623,5887.0,2422,2422.0,OWNER,1.0,,,,765609,760609,0
5449.0,2343.0,951104.0,99336.0,24.0,4139.0,1.0,68.0,monthly issuance,941209.0,52.0,14.0,,22.0,,6.0,28.0,,24.0,4348.37,27019.57,1.0,Frydek - Mistek,north Moravia,228848.0,15.0,40.0,18.0,2.0,6.0,57.2,9893.0,4.09,4.72,96.0,5623,5887.0,2831,2831.0,OWNER,1.0,,,,805709,800709,0
5301.0,1698.0,960706.0,141948.0,36.0,3943.0,1.0,68.0,monthly issuance,960314.0,10.0,4.0,,3.0,,,3.0,,7.0,8963.98,32592.68,0.0,Frydek - Mistek,north Moravia,228848.0,15.0,40.0,18.0,2.0,6.0,57.2,9893.0,4.09,4.72,96.0,5623,5887.0,2063,2063.0,OWNER,1.0,,,,505926,500926,0
6876.0,9236.0,931221.0,86616.0,12.0,7218.0,1.0,11.0,monthly issuance,930818.0,15.0,6.0,,3.0,,,3.0,,12.0,5323.55,25714.05,0.0,Praha - zapad,central Bohemia,75637.0,35.0,36.0,9.0,0.0,7.0,36.5,9622.0,0.45,0.59,154.0,3475,3529.0,11064,11372.0,OWNER,1.0,,,,610928,610928,1
5189.0,1166.0,940207.0,149040.0,48.0,3105.0,1.0,11.0,monthly issuance,930421.0,54.0,2.0,,29.0,9.0,5.0,32.0,2.0,20.0,6682.03,36845.59,2.0,Praha - zapad,central Bohemia,75637.0,35.0,36.0,9.0,0.0,7.0,36.5,9622.0,0.45,0.59,154.0,3475,3529.0,1404,1404.0,OWNER,1.0,,,,686220,681220,0
5549.0,2824.0,940716.0,50460.0,60.0,841.0,1.0,11.0,monthly issuance,931020.0,43.0,11.0,,19.0,,5.0,24.0,,19.0,6392.97,37570.63,1.0,Praha - zapad,central Bohemia,75637.0,35.0,36.0,9.0,0.0,7.0,36.5,9622.0,0.45,0.59,154.0,3475,3529.0,3414,3414.0,OWNER,1.0,,,,476017,471017,0
7176.0,10663.0,951028.0,260028.0,36.0,7223.0,1.0,11.0,monthly issuance,931208.0,161.0,4.0,,79.0,22.0,35.0,105.0,9.0,47.0,12514.36,50676.82,2.0,Praha - zapad,central Bohemia,75637.0,35.0,36.0,9.0,0.0,7.0,36.5,9622.0,0.45,0.59,154.0,3475,3529.0,12805,13113.0,OWNER,1.0,,,,761125,761125,1
5805.0,4081.0,951128.0,137904.0,24.0,5746.0,-1.0,11.0,monthly issuance,950722.0,12.0,6.0,,3.0,,,3.0,,9.0,6363.32,26886.19,0.0,Praha - zapad,central Bohemia,75637.0,35.0,36.0,9.0,0.0,7.0,36.5,9622.0,0.45,0.59,154.0,3475,3529.0,4918,4918.0,OWNER,1.0,,,,680506,680506,1
7097.0,10266.0,931223.0,75624.0,24.0,3151.0,-1.0,54.0,monthly issuance,930610.0,23.0,6.0,,8.0,,,8.0,,15.0,13406.74,50009.91,0.0,Brno - mesto,south Moravia,387570.0,0.0,0.0,0.0,1.0,1.0,100.0,9897.0,1.60,1.96,140.0,18721,18696.0,12317,12625.0,OWNER,1.0,,,,581207,581207,1
5126.0,790.0,940724.0,208128.0,48.0,4336.0,-1.0,54.0,monthly issuance,930511.0,64.0,16.0,,35.0,,,34.0,1.0,29.0,9442.16,36369.98,0.0,Brno - mesto,south Moravia,387570.0,0.0,0.0,0.0,1.0,1.0,100.0,9897.0,1.60,1.96,140.0,18721,18696.0,946,946.0,OWNER,1.0,,,,510806,510806,1
5754.0,3834.0,940928.0,23052.0,12.0,1921.0,1.0,54.0,monthly issuance,930119.0,171.0,29.0,,62.0,,61.0,123.0,,48.0,3618.33,23771.97,3.0,Brno - mesto,south Moravia,387570.0,0.0,0.0,0.0,1.0,1.0,100.0,9897.0,1.60,1.96,140.0,18721,18696.0,4620,4620.0,OWNER,2.0,,,,406101,401101,0
5044.0,344.0,941221.0,100980.0,60.0,1683.0,1.0,54.0,monthly issuance,931201.0,70.0,15.0,,34.0,,9.0,43.0,,27.0,5261.05,35614.74,1.0,Brno - mesto,south Moravia,387570.0,0.0,0.0,0.0,1.0,1.0,100.0,9897.0,1.60,1.96,140.0,18721,18696.0,421,421.0,OWNER,1.0,,,,650731,650731,1
6985.0,9731.0,951122.0,113796.0,36.0,3161.0,1.0,54.0,issuance after transaction,941201.0,72.0,2.0,,31.0,12.0,16.0,43.0,4.0,25.0,6453.25,36840.57,3.0,Brno - mesto,south Moravia,387570.0,0.0,0.0,0.0,1.0,1.0,100.0,9897.0,1.60,1.96,140.0,18721,18696.0,11670,11978.0,OWNER,2.0,,,,711009,711009,1
6659.0,8092.0,960220.0,56100.0,60.0,935.0,1.0,54.0,monthly issuance,950111.0,68.0,16.0,,31.0,,9.0,40.0,,28.0,3856.6,20158.0,1.0,Brno - mesto,south Moravia,387570.0,0.0,0.0,0.0,1.0,1.0,100.0,9897.0,1.60,1.96,140.0,18721,18696.0,9687,9995.0,OWNER,1.0,,,,580707,580707,1
6019.0,5033.0,960725.0,11400.0,12.0,950.0,1.0,54.0,monthly issuance,950803.0,77.0,18.0,,25.0,,23.0,48.0,,29.0,2434.24,27533.66,3.0,Brno - mesto,south Moravia,387570.0,0.0,0.0,0.0,1.0,1.0,100.0,9897.0,1.60,1.96,140.0,18721,18696.0,6077,6077.0,OWNER,1.0,,,,805430,800430,0
6011.0,4981.0,961128.0,179328.0,48.0,3736.0,1.0,54.0,monthly issuance,960122.0,52.0,12.0,,25.0,,6.0,31.0,,21.0,8935.78,44093.97,1.0,Brno - mesto,south Moravia,387570.0,0.0,0.0,0.0,1.0,1.0,100.0,9897.0,1.60,1.96,140.0,18721,18696.0,6015,6015.0,OWNER,1.0,,,,731121,731121,1
5151.0,960.0,950524.0,189060.0,60.0,3151.0,1.0,4.0,issuance after transaction,941102.0,30.0,1.0,,13.0,7.0,3.0,15.0,1.0,14.0,17833.45,72242.9,2.0,Kladno,central Bohemia,149893.0,63.0,29.0,6.0,2.0,6.0,67.4,9753.0,4.64,5.05,109.0,5244,5892.0,1157,1157.0,OWNER,1.0,,,,586230,581230,0
5938.0,4650.0,960825.0,402000.0,60.0,6700.0,1.0,4.0,monthly issuance,951015.0,54.0,20.0,,14.0,,11.0,25.0,,29.0,3029.89,21568.94,2.0,Kladno,central Bohemia,149893.0,63.0,29.0,6.0,2.0,6.0,67.4,9753.0,4.64,5.05,109.0,5244,5892.0,5606,5606.0,OWNER,1.0,,,,800806,800806,1
6216.0,5952.0,940930.0,141240.0,24.0,5885.0,1.0,50.0,monthly issuance,930907.0,102.0,2.0,,41.0,13.0,34.0,70.0,5.0,27.0,9343.39,57219.57,4.0,Svitavy,east Bohemia,102609.0,75.0,33.0,2.0,3.0,6.0,52.0,8187.0,4.83,5.45,94.0,2123,2134.0,7195,7195.0,OWNER,1.0,,,,620911,620911,1
5900.0,4503.0,960101.0,135360.0,48.0,2820.0,1.0,50.0,monthly issuance,950103.0,77.0,21.0,,45.0,,,37.0,8.0,32.0,14958.59,64881.31,0.0,Svitavy,east Bohemia,102609.0,75.0,33.0,2.0,3.0,6.0,52.0,8187.0,4.83,5.45,94.0,2123,2134.0,5433,5433.0,OWNER,1.0,783.0,junior,951024.0,750924,750924,1
6087.0,5313.0,940227.0,300660.0,60.0,5011.0,1.0,40.0,monthly issuance,930429.0,66.0,15.0,,27.0,,15.0,41.0,1.0,24.0,10342.53,45854.89,3.0,Teplice,north Bohemia,128118.0,9.0,16.0,6.0,3.0,8.0,85.3,9317.0,6.49,7.07,97.0,6949,6872.0,6417,6417.0,OWNER,1.0,,,,500107,500107,1
6810.0,9006.0,960608.0,186384.0,48.0,3883.0,1.0,40.0,weekly issuance,940902.0,190.0,40.0,,89.0,,19.0,98.0,10.0,82.0,11952.68,61578.3,1.0,Teplice,north Bohemia,128118.0,9.0,16.0,6.0,3.0,8.0,85.3,9317.0,6.49,7.07,97.0,6949,6872.0,10785,11093.0,OWNER,1.0,,,,590129,590129,1
4996.0,132.0,961106.0,88440.0,12.0,7370.0,1.0,40.0,issuance after transaction,960511.0,31.0,10.0,,15.0,,,14.0,1.0,16.0,14850.77,62778.09,0.0,Teplice,north Bohemia,128118.0,9.0,16.0,6.0,3.0,8.0,85.3,9317.0,6.49,7.07,97.0,6949,6872.0,158,158.0,OWNER,2.0,,,,455703,450703,0
7262.0,11135.0,940301.0,182628.0,36.0,5073.0,1.0,75.0,monthly issuance,931010.0,13.0,6.0,,3.0,,,3.0,,10.0,8281.61,33229.11,0.0,Prerov,north Moravia,138032.0,67.0,30.0,4.0,2.0,5.0,64.6,8819.0,5.38,5.66,99.0,4063,4505.0,13379,13687.0,OWNER,1.0,,,,590523,590523,1
5750.0,3804.0,960208.0,63252.0,12.0,5271.0,1.0,7.0,monthly issuance,940407.0,164.0,3.0,,80.0,23.0,36.0,108.0,8.0,48.0,9457.76,49291.82,3.0,Melnik,central Bohemia,94725.0,38.0,28.0,1.0,3.0,6.0,63.4,9920.0,2.26,2.87,130.0,4289,4846.0,4584,4584.0,OWNER,1.0,,,,495624,490624,0
6577.0,7753.0,940311.0,51696.0,24.0,2154.0,1.0,74.0,monthly issuance,930208.0,102.0,31.0,5.0,53.0,,,50.0,8.0,44.0,13901.27,58226.5,0.0,Ostrava - mesto,north Moravia,323870.0,0.0,0.0,0.0,1.0,1.0,100.0,10673.0,4.75,5.44,100.0,18782,18347.0,9285,9593.0,OWNER,1.0,1005.0,classic,931107.0,685128,680128,0
6738.0,8566.0,940929.0,230220.0,36.0,6395.0,-1.0,74.0,monthly issuance,931008.0,82.0,17.0,,25.0,,19.0,42.0,2.0,38.0,7188.85,27658.49,2.0,Ostrava - mesto,north Moravia,323870.0,0.0,0.0,0.0,1.0,1.0,100.0,10673.0,4.75,5.44,100.0,18782,18347.0,10258,10566.0,OWNER,1.0,,,,426109,421109,0
6253.0,6148.0,941104.0,59760.0,24.0,2490.0,1.0,74.0,monthly issuance,931227.0,54.0,12.0,,27.0,,5.0,32.0,,22.0,8295.16,40204.46,1.0,Ostrava - mesto,north Moravia,323870.0,0.0,0.0,0.0,1.0,1.0,100.0,10673.0,4.75,5.44,100.0,18782,18347.0,7422,7422.0,OWNER,2.0,,,,581126,581126,1
6272.0,6226.0,941220.0,398640.0,60.0,6644.0,1.0,74.0,weekly issuance,930726.0,86.0,1.0,,52.0,17.0,,51.0,1.0,34.0,16552.96,63383.58,1.0,Ostrava - mesto,north Moravia,323870.0,0.0,0.0,0.0,1.0,1.0,100.0,10673.0,4.75,5.44,100.0,18782,18347.0,7521,7521.0,OWNER,1.0,,,,605209,600209,0
5876.0,4413.0,950208.0,221280.0,48.0,4610.0,1.0,74.0,weekly issuance,940115.0,71.0,1.0,,39.0,12.0,7.0,41.0,5.0,25.0,11891.5,37596.93,2.0,Ostrava - mesto,north Moravia,323870.0,0.0,0.0,0.0,1.0,1.0,100.0,10673.0,4.75,5.44,100.0,18782,18347.0,5318,5318.0,OWNER,2.0,,,,680328,680328,1
6986.0,9750.0,950211.0,151728.0,48.0,3161.0,-1.0,74.0,monthly issuance,940516.0,57.0,14.0,,29.0,,,21.0,8.0,28.0,8289.66,30491.1,0.0,Ostrava - mesto,north Moravia,323870.0,0.0,0.0,0.0,1.0,1.0,100.0,10673.0,4.75,5.44,100.0,18782,18347.0,11695,12003.0,OWNER,1.0,,,,760623,760623,1
6950.0,9591.0,950411.0,104712.0,24.0,4363.0,1.0,74.0,monthly issuance,930520.0,191.0,50.0,,97.0,,22.0,103.0,16.0,72.0,11980.31,57357.84,1.0,Ostrava - mesto,north Moravia,323870.0,0.0,0.0,0.0,1.0,1.0,100.0,10673.0,4.75,5.44,100.0,18782,18347.0,11496,11804.0,OWNER,1.0,,,,441212,441212,1
6403.0,6924.0,951205.0,194880.0,48.0,4060.0,1.0,74.0,monthly issuance,940601.0,113.0,1.0,,62.0,18.0,14.0,71.0,5.0,37.0,8187.95,36421.43,2.0,Ostrava - mesto,north Moravia,323870.0,0.0,0.0,0.0,1.0,1.0,100.0,10673.0,4.75,5.44,100.0,18782,18347.0,8359,8359.0,OWNER,1.0,,,,791206,791206,1
6178.0,5742.0,951216.0,232560.0,48.0,4845.0,1.0,74.0,issuance after transaction,950705.0,27.0,9.0,,13.0,,,11.0,2.0,14.0,13066.73,63188.63,0.0,Ostrava - mesto,north Moravia,323870.0,0.0,0.0,0.0,1.0,1.0,100.0,10673.0,4.75,5.44,100.0,18782,18347.0,6946,6946.0,OWNER,1.0,,,,705129,700129,0
5563.0,2912.0,960229.0,380160.0,60.0,6336.0,1.0,74.0,monthly issuance,940730.0,109.0,32.0,,62.0,,,58.0,4.0,47.0,15887.99,64777.08,0.0,Ostrava - mesto,north Moravia,323870.0,0.0,0.0,0.0,1.0,1.0,100.0,10673.0,4.75,5.44,100.0,18782,18347.0,3519,3519.0,OWNER,1.0,,,,491215,491215,1
6520.0,7485.0,940316.0,91200.0,24.0,3800.0,1.0,39.0,monthly issuance,930728.0,36.0,3.0,,15.0,8.0,3.0,16.0,2.0,18.0,9999.52,32558.53,2.0,Most,north Bohemia,119895.0,17.0,4.0,3.0,2.0,4.0,89.9,10446.0,7.34,9.4,90.0,4947,4743.0,8965,9273.0,OWNER,2.0,,,,555826,550826,0
5880.0,4423.0,951031.0,73836.0,36.0,2051.0,1.0,39.0,monthly issuance,950426.0,19.0,9.0,,5.0,,,5.0,,14.0,16708.06,55315.17,0.0,Most,north Bohemia,119895.0,17.0,4.0,3.0,2.0,4.0,89.9,10446.0,7.34,9.4,90.0,4947,4743.0,5333,5333.0,OWNER,1.0,,,,675529,670529,0
5125.0,789.0,951123.0,73056.0,48.0,1522.0,1.0,39.0,monthly issuance,950206.0,51.0,14.0,,18.0,,10.0,28.0,,23.0,2445.33,23255.15,1.0,Most,north Bohemia,119895.0,17.0,4.0,3.0,2.0,4.0,89.9,10446.0,7.34,9.4,90.0,4947,4743.0,944,944.0,OWNER,2.0,,,,701218,701218,1
7130.0,10411.0,961211.0,123408.0,24.0,5142.0,1.0,39.0,issuance after transaction,951123.0,65.0,13.0,,16.0,,24.0,40.0,,25.0,5789.86,28359.26,3.0,Most,north Bohemia,119895.0,17.0,4.0,3.0,2.0,4.0,89.9,10446.0,7.34,9.4,90.0,4947,4743.0,12502,12810.0,OWNER,1.0,1176.0,gold,960703.0,641014,641014,1
6699.0,8330.0,940330.0,7656.0,24.0,319.0,1.0,48.0,monthly issuance,930328.0,81.0,14.0,,37.0,,8.0,45.0,,36.0,6436.61,46444.64,1.0,Rychnov nad Kneznou,east Bohemia,78955.0,50.0,24.0,8.0,1.0,9.0,59.0,9060.0,1.78,2.44,124.0,1655,1717.0,9979,10287.0,OWNER,2.0,,,,625903,620903,0
5713.0,3629.0,950530.0,158760.0,60.0,2646.0,1.0,48.0,monthly issuance,930727.0,166.0,12.0,,60.0,22.0,51.0,106.0,5.0,55.0,4654.09,24908.76,4.0,Rychnov nad Kneznou,east Bohemia,78955.0,50.0,24.0,8.0,1.0,9.0,59.0,9060.0,1.78,2.44,124.0,1655,1717.0,4377,4377.0,OWNER,1.0,,,,780131,780131,1
6302.0,6397.0,960916.0,181020.0,60.0,3017.0,1.0,48.0,monthly issuance,950315.0,93.0,2.0,,56.0,18.0,,51.0,5.0,37.0,7273.76,34005.91,1.0,Rychnov nad Kneznou,east Bohemia,78955.0,50.0,24.0,8.0,1.0,9.0,59.0,9060.0,1.78,2.44,124.0,1655,1717.0,7723,7723.0,OWNER,2.0,,,,665614,660614,0
6336.0,6555.0,940331.0,212400.0,36.0,5900.0,1.0,38.0,weekly issuance,930305.0,71.0,19.0,,40.0,,,37.0,3.0,31.0,11301.57,51034.36,0.0,Louny,north Bohemia,85852.0,41.0,23.0,4.0,2.0,4.0,59.8,8965.0,7.08,8.23,104.0,2653,2822.0,7914,7914.0,OWNER,1.0,,,,666024,661024,0
6279.0,6273.0,940607.0,87360.0,24.0,3640.0,1.0,38.0,monthly issuance,930721.0,30.0,6.0,,14.0,,,13.0,1.0,16.0,8145.61,36783.95,0.0,Louny,north Bohemia,85852.0,41.0,23.0,4.0,2.0,4.0,59.8,8965.0,7.08,8.23,104.0,2653,2822.0,7576,7576.0,OWNER,1.0,,,,620710,620710,1
5723.0,3674.0,940910.0,23628.0,12.0,1969.0,1.0,38.0,monthly issuance,930312.0,110.0,31.0,,49.0,,12.0,59.0,2.0,49.0,9915.67,47420.84,1.0,Louny,north Bohemia,85852.0,41.0,23.0,4.0,2.0,4.0,59.8,8965.0,7.08,8.23,104.0,2653,2822.0,4428,4428.0,OWNER,1.0,,,,540309,540309,1
6591.0,7819.0,950202.0,20832.0,48.0,434.0,1.0,38.0,monthly issuance,930801.0,151.0,29.0,,52.0,,52.0,104.0,,47.0,2499.07,21368.91,4.0,Louny,north Bohemia,85852.0,41.0,23.0,4.0,2.0,4.0,59.8,8965.0,7.08,8.23,104.0,2653,2822.0,9362,9670.0,OWNER,1.0,,,,480504,480504,1
5212.0,1256.0,950529.0,71064.0,36.0,1974.0,1.0,38.0,monthly issuance,940421.0,86.0,17.0,,39.0,,18.0,57.0,,29.0,4896.45,34577.3,2.0,Louny,north Bohemia,85852.0,41.0,23.0,4.0,2.0,4.0,59.8,8965.0,7.08,8.23,104.0,2653,2822.0,1516,1516.0,OWNER,1.0,,,,466017,461017,0
5610.0,3112.0,960224.0,123216.0,48.0,2567.0,1.0,38.0,monthly issuance,940812.0,128.0,30.0,,58.0,,22.0,79.0,1.0,48.0,12136.38,70622.83,2.0,Louny,north Bohemia,85852.0,41.0,23.0,4.0,2.0,4.0,59.8,8965.0,7.08,8.23,104.0,2653,2822.0,3763,3763.0,OWNER,2.0,,,,775812,770812,0
6961.0,9645.0,960606.0,176148.0,36.0,4893.0,1.0,38.0,monthly issuance,960123.0,13.0,1.0,,4.0,4.0,,4.0,,9.0,17599.44,47154.5,1.0,Louny,north Bohemia,85852.0,41.0,23.0,4.0,2.0,4.0,59.8,8965.0,7.08,8.23,104.0,2653,2822.0,11565,11873.0,OWNER,1.0,,,,636120,631120,0
6421.0,6985.0,960725.0,96768.0,36.0,2688.0,1.0,38.0,monthly issuance,950727.0,66.0,17.0,,31.0,,7.0,36.0,2.0,28.0,13244.23,51611.34,1.0,Louny,north Bohemia,85852.0,41.0,23.0,4.0,2.0,4.0,59.8,8965.0,7.08,8.23,104.0,2653,2822.0,8432,8432.0,OWNER,2.0,,,,685106,680106,0
7055.0,10079.0,940406.0,167100.0,60.0,2785.0,1.0,62.0,monthly issuance,930506.0,79.0,22.0,,46.0,,,43.0,3.0,33.0,14332.41,63707.63,0.0,Uherske Hradiste,south Moravia,145688.0,22.0,41.0,13.0,2.0,5.0,40.7,8544.0,1.29,1.86,109.0,2719,2906.0,12088,12396.0,OWNER,2.0,,,,705117,700117,0
6362.0,6738.0,951031.0,37908.0,12.0,3159.0,1.0,62.0,monthly issuance,940728.0,76.0,2.0,,45.0,15.0,,43.0,2.0,31.0,7485.5,42164.03,1.0,Uherske Hradiste,south Moravia,145688.0,22.0,41.0,13.0,2.0,5.0,40.7,8544.0,1.29,1.86,109.0,2719,2906.0,8130,8130.0,OWNER,1.0,,,,765508,760508,0
6550.0,7614.0,960518.0,320592.0,48.0,6679.0,1.0,62.0,monthly issuance,950208.0,88.0,1.0,1.0,57.0,15.0,,49.0,9.0,30.0,13875.42,60781.31,1.0,Uherske Hradiste,south Moravia,145688.0,22.0,41.0,13.0,2.0,5.0,40.7,8544.0,1.29,1.86,109.0,2719,2906.0,9119,9427.0,OWNER,2.0,989.0,classic,960221.0,706109,701109,0
5886.0,4447.0,961031.0,192744.0,36.0,5354.0,1.0,62.0,monthly issuance,960616.0,26.0,9.0,,13.0,,,12.0,1.0,13.0,15435.06,62590.42,0.0,Uherske Hradiste,south Moravia,145688.0,22.0,41.0,13.0,2.0,5.0,40.7,8544.0,1.29,1.86,109.0,2719,2906.0,5364,5364.0,OWNER,2.0,,,,640314,640314,1
6944.0,9548.0,961115.0,46176.0,48.0,962.0,1.0,62.0,monthly issuance,960607.0,17.0,7.0,,5.0,,1.0,6.0,,11.0,8573.59,33613.11,1.0,Uherske Hradiste,south Moravia,145688.0,22.0,41.0,13.0,2.0,5.0,40.7,8544.0,1.29,1.86,109.0,2719,2906.0,11446,11754.0,OWNER,1.0,,,,661103,661103,1
5209.0,1250.0,961125.0,182640.0,48.0,3805.0,1.0,62.0,monthly issuance,960328.0,40.0,2.0,,16.0,8.0,7.0,23.0,,17.0,9227.6,37802.23,2.0,Uherske Hradiste,south Moravia,145688.0,22.0,41.0,13.0,2.0,5.0,40.7,8544.0,1.29,1.86,109.0,2719,2906.0,1509,1509.0,OWNER,1.0,,,,425419,420419,0
6696.0,8321.0,940509.0,89040.0,60.0,1484.0,1.0,77.0,monthly issuance,930412.0,87.0,18.0,,35.0,,8.0,43.0,,44.0,3441.2,30045.4,1.0,Vsetin,north Moravia,148545.0,8.0,35.0,12.0,3.0,4.0,53.5,8909.0,4.01,5.56,113.0,3460,3590.0,9967,10275.0,OWNER,2.0,,,,705125,700125,0
6066.0,5228.0,940711.0,173808.0,24.0,7242.0,1.0,77.0,issuance after transaction,930623.0,75.0,1.0,,49.0,13.0,,42.0,7.0,26.0,17396.59,61218.66,1.0,Vsetin,north Moravia,148545.0,8.0,35.0,12.0,3.0,4.0,53.5,8909.0,4.01,5.56,113.0,3460,3590.0,6317,6317.0,OWNER,2.0,,,,575127,570127,0
5586.0,2994.0,960914.0,48744.0,36.0,1354.0,1.0,77.0,monthly issuance,960503.0,14.0,7.0,,3.0,,,3.0,,11.0,11392.24,42930.21,0.0,Vsetin,north Moravia,148545.0,8.0,35.0,12.0,3.0,4.0,53.5,8909.0,4.01,5.56,113.0,3460,3590.0,3616,3616.0,OWNER,1.0,,,,645414,640414,0
6072.0,5256.0,940510.0,193968.0,36.0,5388.0,1.0,72.0,issuance after transaction,931025.0,29.0,12.0,,9.0,,,9.0,,20.0,16951.03,63579.22,0.0,Olomouc,north Moravia,226122.0,32.0,50.0,7.0,4.0,4.0,62.6,8994.0,3.80,4.79,110.0,9672,9208.0,6349,6349.0,OWNER,1.0,,,,721203,721203,1
5145.0,915.0,950916.0,309552.0,48.0,6449.0,1.0,72.0,monthly issuance,950118.0,35.0,1.0,,15.0,8.0,4.0,19.0,,16.0,17429.0,56105.5,2.0,Olomouc,north Moravia,226122.0,32.0,50.0,7.0,4.0,4.0,62.6,8994.0,3.80,4.79,110.0,9672,9208.0,1102,1102.0,OWNER,1.0,,,,350129,350129,1
7243.0,11042.0,951204.0,217152.0,36.0,6032.0,1.0,72.0,monthly issuance,950129.0,57.0,1.0,,30.0,10.0,6.0,33.0,3.0,21.0,12666.78,49107.07,2.0,Olomouc,north Moravia,226122.0,32.0,50.0,7.0,4.0,4.0,62.6,8994.0,3.80,4.79,110.0,9672,9208.0,13268,13576.0,OWNER,1.0,1225.0,classic,951122.0,740707,740707,1
6540.0,7562.0,951231.0,309600.0,48.0,6450.0,1.0,72.0,weekly issuance,950117.0,56.0,1.0,,34.0,11.0,,31.0,3.0,22.0,16045.61,58185.59,1.0,Olomouc,north Moravia,226122.0,32.0,50.0,7.0,4.0,4.0,62.6,8994.0,3.80,4.79,110.0,9672,9208.0,9058,9366.0,OWNER,1.0,,,,750626,750626,1
5706.0,3608.0,960524.0,161496.0,36.0,4486.0,1.0,72.0,weekly issuance,940830.0,130.0,32.0,,59.0,,19.0,75.0,3.0,52.0,6844.43,33219.9,1.0,Olomouc,north Moravia,226122.0,32.0,50.0,7.0,4.0,4.0,62.6,8994.0,3.80,4.79,110.0,9672,9208.0,4352,4352.0,OWNER,1.0,,,,710724,710724,1
5136.0,846.0,960728.0,187104.0,24.0,7796.0,1.0,72.0,monthly issuance,960309.0,25.0,12.0,,9.0,,,9.0,,16.0,19621.45,66292.37,0.0,Olomouc,north Moravia,226122.0,32.0,50.0,7.0,4.0,4.0,62.6,8994.0,3.80,4.79,110.0,9672,9208.0,1020,1020.0,OWNER,1.0,,,,775510,770510,0
6865.0,9199.0,960911.0,29448.0,12.0,2454.0,-1.0,72.0,monthly issuance,960515.0,11.0,1.0,,2.0,4.0,,2.0,,9.0,8271.87,28977.44,1.0,Olomouc,north Moravia,226122.0,32.0,50.0,7.0,4.0,4.0,62.6,8994.0,3.80,4.79,110.0,9672,9208.0,11019,11327.0,OWNER,1.0,,,,471021,471021,1
6818.0,9030.0,961212.0,155616.0,48.0,3242.0,1.0,72.0,monthly issuance,950121.0,172.0,26.0,,66.0,,36.0,102.0,,70.0,4895.97,44197.51,2.0,Olomouc,north Moravia,226122.0,32.0,50.0,7.0,4.0,4.0,62.6,8994.0,3.80,4.79,110.0,9672,9208.0,10813,11121.0,OWNER,2.0,,,,715410,710410,0
5130.0,813.0,940511.0,24312.0,12.0,2026.0,1.0,16.0,monthly issuance,930210.0,78.0,7.0,,41.0,15.0,,36.0,5.0,37.0,4949.47,29380.84,1.0,Jindrichuv Hradec,south Bohemia,93931.0,74.0,21.0,10.0,1.0,8.0,56.9,8427.0,1.12,1.54,107.0,1874,1913.0,976,976.0,OWNER,1.0,,,,556119,551119,0
5390.0,2167.0,941030.0,170256.0,24.0,7094.0,1.0,16.0,monthly issuance,930808.0,77.0,18.0,,36.0,,10.0,46.0,,31.0,9089.42,40091.18,1.0,Jindrichuv Hradec,south Bohemia,93931.0,74.0,21.0,10.0,1.0,8.0,56.9,8427.0,1.12,1.54,107.0,1874,1913.0,2623,2623.0,OWNER,1.0,,,,655716,650716,0
6342.0,6609.0,951112.0,60156.0,36.0,1671.0,-1.0,16.0,monthly issuance,950327.0,56.0,19.0,,22.0,,8.0,29.0,1.0,26.0,15972.28,72667.64,2.0,Jindrichuv Hradec,south Bohemia,93931.0,74.0,21.0,10.0,1.0,8.0,56.9,8427.0,1.12,1.54,107.0,1874,1913.0,7980,7980.0,OWNER,1.0,,,,760808,760808,1
4973.0,67.0,960502.0,165960.0,24.0,6915.0,1.0,16.0,monthly issuance,941019.0,125.0,1.0,,60.0,18.0,28.0,84.0,4.0,37.0,12822.35,52523.24,3.0,Jindrichuv Hradec,south Bohemia,93931.0,74.0,21.0,10.0,1.0,8.0,56.9,8427.0,1.12,1.54,107.0,1874,1913.0,78,78.0,OWNER,1.0,,,,445613,440613,0
6354.0,6688.0,961023.0,22968.0,36.0,638.0,1.0,16.0,monthly issuance,960625.0,11.0,7.0,,1.0,,,1.0,,10.0,4184.64,23324.94,0.0,Jindrichuv Hradec,south Bohemia,93931.0,74.0,21.0,10.0,1.0,8.0,56.9,8427.0,1.12,1.54,107.0,1874,1913.0,8076,8076.0,OWNER,1.0,,,,505727,500727,0
7233.0,10963.0,961225.0,115812.0,36.0,3217.0,1.0,16.0,monthly issuance,950520.0,124.0,32.0,,73.0,,,66.0,7.0,51.0,13280.08,56646.52,0.0,Jindrichuv Hradec,south Bohemia,93931.0,74.0,21.0,10.0,1.0,8.0,56.9,8427.0,1.12,1.54,107.0,1874,1913.0,13172,13480.0,OWNER,1.0,,,,530601,530601,1
5568.0,2933.0,940517.0,272520.0,60.0,4542.0,1.0,10.0,monthly issuance,930618.0,84.0,23.0,,40.0,,10.0,45.0,5.0,34.0,10778.35,44602.64,1.0,Praha - vychod,central Bohemia,92084.0,55.0,29.0,4.0,3.0,5.0,46.7,10124.0,0.56,0.54,141.0,3810,4316.0,3542,3542.0,OWNER,2.0,,,,390902,390902,1
6841.0,9104.0,940807.0,172080.0,48.0,3585.0,1.0,10.0,monthly issuance,940121.0,42.0,12.0,,17.0,,,16.0,1.0,25.0,11368.77,60743.96,0.0,Praha - vychod,central Bohemia,92084.0,55.0,29.0,4.0,3.0,5.0,46.7,10124.0,0.56,0.54,141.0,3810,4316.0,10900,11208.0,OWNER,1.0,,,,575305,570305,0
6157.0,5650.0,950710.0,98592.0,24.0,4108.0,1.0,10.0,issuance after transaction,950108.0,26.0,1.0,,11.0,6.0,2.0,13.0,,13.0,10807.38,54128.57,1.0,Praha - vychod,central Bohemia,92084.0,55.0,29.0,4.0,3.0,5.0,46.7,10124.0,0.56,0.54,141.0,3810,4316.0,6829,6829.0,OWNER,1.0,,,,636224,631224,0
5591.0,3021.0,961204.0,155616.0,48.0,3242.0,1.0,10.0,monthly issuance,960420.0,30.0,2.0,,14.0,7.0,,14.0,,16.0,9151.15,39426.07,1.0,Praha - vychod,central Bohemia,92084.0,55.0,29.0,4.0,3.0,5.0,46.7,10124.0,0.56,0.54,141.0,3810,4316.0,3649,3649.0,OWNER,1.0,,,,596025,591025,0
5176.0,1106.0,941112.0,192552.0,24.0,8023.0,-1.0,20.0,weekly issuance,930829.0,51.0,12.0,,25.0,,,23.0,2.0,26.0,5774.42,23979.01,0.0,Strakonice,south Bohemia,70646.0,94.0,14.0,3.0,1.0,4.0,58.4,8547.0,2.65,3.64,120.0,1563,1542.0,1327,1327.0,OWNER,1.0,,,,636231,631231,0
6712.0,8405.0,951014.0,266220.0,60.0,4437.0,1.0,20.0,monthly issuance,940510.0,144.0,21.0,,52.0,,39.0,91.0,,53.0,5581.28,34922.88,3.0,Strakonice,south Bohemia,70646.0,94.0,14.0,3.0,1.0,4.0,58.4,8547.0,2.65,3.64,120.0,1563,1542.0,10074,10382.0,OWNER,1.0,,,,655217,650217,0
6013.0,4995.0,960203.0,128988.0,36.0,3583.0,-1.0,20.0,weekly issuance,940801.0,82.0,17.0,,47.0,,,44.0,3.0,35.0,7562.67,34740.7,0.0,Strakonice,south Bohemia,70646.0,94.0,14.0,3.0,1.0,4.0,58.4,8547.0,2.65,3.64,120.0,1563,1542.0,6034,6034.0,OWNER,1.0,,,,390815,390815,1
6715.0,8411.0,960506.0,220620.0,60.0,3677.0,1.0,20.0,monthly issuance,941202.0,128.0,3.0,,50.0,17.0,24.0,73.0,1.0,54.0,6331.02,36907.46,3.0,Strakonice,south Bohemia,70646.0,94.0,14.0,3.0,1.0,4.0,58.4,8547.0,2.65,3.64,120.0,1563,1542.0,10081,10389.0,OWNER,1.0,,,,435815,430815,0
6580.0,7769.0,940522.0,196080.0,48.0,4085.0,1.0,23.0,monthly issuance,931003.0,47.0,13.0,,27.0,,,24.0,3.0,20.0,10472.5,49143.97,0.0,Cheb,west Bohemia,87419.0,21.0,11.0,4.0,3.0,9.0,85.5,8624.0,1.79,2.66,102.0,2879,3198.0,9303,9611.0,OWNER,1.0,,,,580527,580527,1
6729.0,8519.0,940811.0,74688.0,12.0,6224.0,1.0,23.0,monthly issuance,930402.0,112.0,1.0,,51.0,16.0,12.0,59.0,4.0,49.0,11551.5,48484.62,2.0,Cheb,west Bohemia,87419.0,21.0,11.0,4.0,3.0,9.0,85.5,8624.0,1.79,2.66,102.0,2879,3198.0,10202,10510.0,OWNER,2.0,,,,455126,450126,0
6407.0,6930.0,940526.0,25944.0,24.0,1081.0,1.0,41.0,monthly issuance,930908.0,37.0,11.0,,18.0,,,18.0,,19.0,10704.75,56927.45,0.0,Usti nad Labem,north Bohemia,118650.0,8.0,8.0,5.0,1.0,3.0,85.6,9832.0,3.32,4.48,114.0,6445,5471.0,8366,8366.0,OWNER,1.0,,,,605521,600521,0
7166.0,10630.0,950624.0,198240.0,24.0,8260.0,1.0,41.0,monthly issuance,950115.0,16.0,7.0,,4.0,,1.0,5.0,,11.0,7546.89,30953.14,1.0,Usti nad Labem,north Bohemia,118650.0,8.0,8.0,5.0,1.0,3.0,85.6,9832.0,3.32,4.48,114.0,6445,5471.0,12763,13071.0,OWNER,1.0,,,,560218,560218,1
5002.0,173.0,940531.0,104808.0,12.0,8734.0,1.0,66.0,monthly issuance,931126.0,30.0,7.0,,10.0,,8.0,18.0,,12.0,6642.55,38709.83,2.0,Zdar nad Sazavou,south Moravia,125832.0,151.0,41.0,2.0,3.0,5.0,48.3,8512.0,3.51,4.12,102.0,2247,2103.0,210,210.0,OWNER,2.0,,,,391130,391130,1
7137.0,10439.0,940603.0,151560.0,24.0,6315.0,1.0,66.0,monthly issuance,931121.0,28.0,1.0,,14.0,6.0,1.0,11.0,4.0,13.0,16935.55,53976.29,2.0,Zdar nad Sazavou,south Moravia,125832.0,151.0,41.0,2.0,3.0,5.0,48.3,8512.0,3.51,4.12,102.0,2247,2103.0,12535,12843.0,OWNER,1.0,,,,530505,530505,1
5836.0,4259.0,940827.0,79632.0,24.0,3318.0,1.0,66.0,monthly issuance,940408.0,16.0,1.0,,5.0,5.0,1.0,6.0,,10.0,24948.66,63494.2,1.0,Zdar nad Sazavou,south Moravia,125832.0,151.0,41.0,2.0,3.0,5.0,48.3,8512.0,3.51,4.12,102.0,2247,2103.0,5133,5133.0,OWNER,1.0,,,,595810,590810,0
5970.0,4774.0,950709.0,465072.0,48.0,9689.0,1.0,66.0,monthly issuance,940114.0,103.0,21.0,,65.0,,,65.0,,38.0,8579.53,27778.75,0.0,Zdar nad Sazavou,south Moravia,125832.0,151.0,41.0,2.0,3.0,5.0,48.3,8512.0,3.51,4.12,102.0,2247,2103.0,5760,5760.0,OWNER,2.0,,,,480508,480508,1
6109.0,5422.0,960603.0,368880.0,60.0,6148.0,1.0,66.0,monthly issuance,941022.0,182.0,38.0,,76.0,,48.0,117.0,7.0,58.0,11574.08,60030.74,3.0,Zdar nad Sazavou,south Moravia,125832.0,151.0,41.0,2.0,3.0,5.0,48.3,8512.0,3.51,4.12,102.0,2247,2103.0,6544,6544.0,OWNER,2.0,,,,740804,740804,1
5923.0,4585.0,961010.0,64656.0,48.0,1347.0,1.0,27.0,monthly issuance,960608.0,12.0,6.0,,3.0,,,3.0,,9.0,6379.08,25896.47,0.0,Plzen - jih,west Bohemia,67298.0,71.0,19.0,10.0,0.0,7.0,43.8,8561.0,0.65,1.29,110.0,1029,1127.0,5526,5526.0,OWNER,2.0,,,,470319,470319,1
5414.0,2228.0,950329.0,185952.0,48.0,3874.0,1.0,34.0,monthly issuance,940319.0,34.0,10.0,,13.0,,1.0,14.0,,20.0,12283.39,50113.19,1.0,Chomutov,north Bohemia,125236.0,28.0,11.0,1.0,4.0,5.0,87.7,9675.0,6.43,7.68,100.0,5323,5190.0,2700,2700.0,OWNER,1.0,,,,450222,450222,1
6600.0,7861.0,951008.0,21852.0,36.0,607.0,1.0,34.0,monthly issuance,950422.0,18.0,7.0,,5.0,,1.0,6.0,,12.0,9232.25,38509.05,1.0,Chomutov,north Bohemia,125236.0,28.0,11.0,1.0,4.0,5.0,87.7,9675.0,6.43,7.68,100.0,5323,5190.0,9413,9721.0,OWNER,1.0,,,,541205,541205,1
6232.0,6051.0,940708.0,276660.0,36.0,7685.0,-1.0,56.0,monthly issuance,930828.0,58.0,20.0,,28.0,,,28.0,,30.0,3499.29,19256.89,0.0,Breclav,south Moravia,124605.0,11.0,42.0,14.0,1.0,8.0,46.0,8772.0,4.69,4.98,126.0,2854,3158.0,7311,7311.0,OWNER,1.0,,,,490518,490518,1
5032.0,290.0,941103.0,123696.0,48.0,2577.0,1.0,56.0,monthly issuance,931202.0,61.0,12.0,,27.0,,12.0,36.0,3.0,22.0,8953.22,49084.38,2.0,Breclav,south Moravia,124605.0,11.0,42.0,14.0,1.0,8.0,46.0,8772.0,4.69,4.98,126.0,2854,3158.0,352,352.0,OWNER,1.0,,,,400827,400827,1
5237.0,1375.0,950829.0,45336.0,24.0,1889.0,1.0,19.0,monthly issuance,940427.0,90.0,18.0,,45.0,,12.0,57.0,,33.0,7594.23,48152.95,1.0,Prachatice,south Bohemia,51428.0,50.0,11.0,3.0,1.0,4.0,52.7,8402.0,3.13,3.98,120.0,999,1099.0,1663,1663.0,OWNER,1.0,,,,570429,570429,1
5409.0,2218.0,951118.0,182040.0,60.0,3034.0,1.0,19.0,monthly issuance,941121.0,59.0,1.0,,35.0,12.0,,33.0,2.0,24.0,17539.8,67475.9,1.0,Prachatice,south Bohemia,51428.0,50.0,11.0,3.0,1.0,4.0,52.7,8402.0,3.13,3.98,120.0,999,1099.0,2686,2686.0,OWNER,2.0,,,,515324,510324,0
6589.0,7815.0,960101.0,189696.0,24.0,7904.0,1.0,19.0,weekly issuance,950409.0,89.0,21.0,,36.0,,23.0,56.0,3.0,30.0,11582.99,54137.11,3.0,Prachatice,south Bohemia,51428.0,50.0,11.0,3.0,1.0,4.0,52.7,8402.0,3.13,3.98,120.0,999,1099.0,9355,9663.0,OWNER,2.0,,,,450924,450924,1
5329.0,1862.0,961016.0,396120.0,60.0,6602.0,1.0,19.0,weekly issuance,950415.0,95.0,1.0,,59.0,18.0,,53.0,6.0,36.0,15418.11,58855.28,1.0,Prachatice,south Bohemia,51428.0,50.0,11.0,3.0,1.0,4.0,52.7,8402.0,3.13,3.98,120.0,999,1099.0,2259,2259.0,OWNER,1.0,,,,505102,500102,0
5395.0,2176.0,940730.0,299088.0,36.0,8308.0,-1.0,67.0,monthly issuance,930606.0,126.0,33.0,,56.0,,24.0,72.0,8.0,46.0,12746.59,51992.85,2.0,Bruntal,north Moravia,106054.0,38.0,25.0,6.0,2.0,6.0,63.1,8110.0,5.77,6.55,109.0,3244,3079.0,2635,2635.0,OWNER,1.0,,,,666210,661210,0
7308.0,11362.0,961227.0,129408.0,24.0,5392.0,1.0,67.0,monthly issuance,951014.0,107.0,16.0,,38.0,,40.0,78.0,,29.0,4550.3,30869.78,4.0,Bruntal,north Moravia,106054.0,38.0,25.0,6.0,2.0,6.0,63.1,8110.0,5.77,6.55,109.0,3244,3079.0,13663,13971.0,OWNER,1.0,,,,626019,621019,0
6227.0,6030.0,950304.0,28248.0,24.0,1177.0,1.0,47.0,monthly issuance,930824.0,94.0,20.0,,56.0,,,56.0,,38.0,8111.68,45582.45,0.0,Pardubice,east Bohemia,162580.0,83.0,26.0,5.0,1.0,6.0,72.8,9538.0,1.51,1.81,111.0,6079,5410.0,7286,7286.0,OWNER,1.0,,,,705210,700210,0
5989.0,4852.0,960304.0,213300.0,36.0,5925.0,1.0,47.0,monthly issuance,950413.0,59.0,17.0,,27.0,,5.0,32.0,,27.0,3730.2,27951.91,1.0,Pardubice,east Bohemia,162580.0,83.0,26.0,5.0,1.0,6.0,72.8,9538.0,1.51,1.81,111.0,6079,5410.0,5860,5860.0,OWNER,1.0,,,,640422,640422,1
6732.0,8533.0,960919.0,174048.0,48.0,3626.0,1.0,47.0,monthly issuance,951010.0,69.0,22.0,,31.0,,,31.0,,38.0,13503.13,72968.38,0.0,Pardubice,east Bohemia,162580.0,83.0,26.0,5.0,1.0,6.0,72.8,9538.0,1.51,1.81,111.0,6079,5410.0,10220,10528.0,OWNER,1.0,,,,525216,520216,0
6686.0,8260.0,940825.0,224604.0,36.0,6239.0,1.0,31.0,monthly issuance,930324.0,93.0,1.0,,59.0,17.0,,50.0,9.0,34.0,14537.8,57496.99,1.0,Tachov,west Bohemia,51313.0,34.0,12.0,3.0,1.0,4.0,59.2,8930.0,3.52,4.2,108.0,1328,1452.0,9890,10198.0,OWNER,2.0,,,,760524,760524,1
5269.0,1527.0,941119.0,164052.0,36.0,4557.0,-1.0,31.0,issuance after transaction,931117.0,65.0,16.0,,37.0,,,30.0,7.0,28.0,11809.26,41752.16,0.0,Tachov,west Bohemia,51313.0,34.0,12.0,3.0,1.0,4.0,59.2,8930.0,3.52,4.2,108.0,1328,1452.0,1851,1851.0,OWNER,1.0,,,,755912,750912,0
5413.0,2227.0,951212.0,92976.0,24.0,3874.0,1.0,31.0,weekly issuance,940522.0,109.0,34.0,,48.0,,11.0,48.0,11.0,50.0,12039.47,50436.47,1.0,Tachov,west Bohemia,51313.0,34.0,12.0,3.0,1.0,4.0,59.2,8930.0,3.52,4.2,108.0,1328,1452.0,2698,2698.0,OWNER,2.0,,,,706007,701007,0
6949.0,9583.0,951212.0,104712.0,24.0,4363.0,1.0,31.0,weekly issuance,940522.0,108.0,34.0,,47.0,,11.0,48.0,10.0,50.0,12019.66,52379.13,1.0,Tachov,west Bohemia,51313.0,34.0,12.0,3.0,1.0,4.0,59.2,8930.0,3.52,4.2,108.0,1328,1452.0,11486,11794.0,OWNER,2.0,,,,706007,701007,0
6303.0,6400.0,960212.0,72408.0,24.0,3017.0,-1.0,31.0,issuance after transaction,951009.0,13.0,5.0,,4.0,,,4.0,,9.0,13997.22,45099.26,0.0,Tachov,west Bohemia,51313.0,34.0,12.0,3.0,1.0,4.0,59.2,8930.0,3.52,4.2,108.0,1328,1452.0,7727,7727.0,OWNER,1.0,,,,585613,580613,0
5312.0,1772.0,960313.0,202788.0,36.0,5633.0,1.0,31.0,weekly issuance,950220.0,79.0,1.0,,44.0,13.0,9.0,44.0,9.0,26.0,16141.21,57124.27,2.0,Tachov,west Bohemia,51313.0,34.0,12.0,3.0,1.0,4.0,59.2,8930.0,3.52,4.2,108.0,1328,1452.0,2148,2148.0,OWNER,1.0,,,,535720,530720,0
5388.0,2153.0,961128.0,61560.0,12.0,5130.0,1.0,31.0,weekly issuance,960107.0,71.0,1.0,,29.0,11.0,20.0,45.0,4.0,22.0,9739.4,32967.71,3.0,Tachov,west Bohemia,51313.0,34.0,12.0,3.0,1.0,4.0,59.2,8930.0,3.52,4.2,108.0,1328,1452.0,2606,2606.0,OWNER,1.0,,,,430104,430104,1
6594.0,7824.0,940928.0,189696.0,24.0,7904.0,-1.0,60.0,monthly issuance,940517.0,5.0,5.0,,,,,,,5.0,4500.0,14900.0,0.0,Prostejov,south Moravia,110643.0,49.0,41.0,4.0,1.0,4.0,51.9,8441.0,3.45,4.48,115.0,1879,2252.0,9367,9675.0,OWNER,1.0,,,,705219,700219,0
5887.0,4448.0,941003.0,192744.0,36.0,5354.0,1.0,60.0,monthly issuance,930602.0,76.0,19.0,,43.0,,,39.0,4.0,33.0,7643.91,37265.66,0.0,Prostejov,south Moravia,110643.0,49.0,41.0,4.0,1.0,4.0,51.9,8441.0,3.45,4.48,115.0,1879,2252.0,5366,5366.0,OWNER,2.0,,,,715920,710920,0
5495.0,2580.0,960802.0,89340.0,60.0,1489.0,1.0,60.0,monthly issuance,951109.0,44.0,11.0,,19.0,,5.0,24.0,,20.0,4662.47,39644.76,1.0,Prostejov,south Moravia,110643.0,49.0,41.0,4.0,1.0,4.0,51.9,8441.0,3.45,4.48,115.0,1879,2252.0,3113,3113.0,OWNER,2.0,,,,716112,711112,0
7013.0,9928.0,960802.0,89340.0,60.0,1489.0,1.0,60.0,monthly issuance,951109.0,44.0,11.0,,19.0,,5.0,24.0,,20.0,4646.67,40005.48,1.0,Prostejov,south Moravia,110643.0,49.0,41.0,4.0,1.0,4.0,51.9,8441.0,3.45,4.48,115.0,1879,2252.0,11912,12220.0,OWNER,2.0,,,,716112,711112,0
7136.0,10436.0,960928.0,54396.0,36.0,1511.0,1.0,60.0,monthly issuance,960321.0,23.0,9.0,,9.0,,,9.0,,14.0,3853.83,30293.71,0.0,Prostejov,south Moravia,110643.0,49.0,41.0,4.0,1.0,4.0,51.9,8441.0,3.45,4.48,115.0,1879,2252.0,12532,12840.0,OWNER,1.0,,,,390727,390727,1
5804.0,4079.0,950405.0,158976.0,48.0,3312.0,1.0,52.0,monthly issuance,931103.0,156.0,36.0,,62.0,,42.0,95.0,9.0,52.0,8573.48,49916.09,3.0,Usti nad Orlici,east Bohemia,139012.0,59.0,41.0,8.0,3.0,10.0,61.9,8363.0,2.52,3.49,108.0,2564,2799.0,4916,4916.0,OWNER,1.0,,,,390109,390109,1
6578.0,7765.0,951211.0,27984.0,12.0,2332.0,1.0,52.0,weekly issuance,940710.0,76.0,14.0,,36.0,,10.0,43.0,3.0,30.0,7289.58,30639.86,1.0,Usti nad Orlici,east Bohemia,139012.0,59.0,41.0,8.0,3.0,10.0,61.9,8363.0,2.52,3.49,108.0,2564,2799.0,9298,9606.0,OWNER,1.0,,,,490216,490216,1
6175.0,5735.0,960221.0,290700.0,60.0,4845.0,-1.0,52.0,monthly issuance,950125.0,100.0,29.0,,58.0,,,52.0,6.0,42.0,14274.57,59647.42,0.0,Usti nad Orlici,east Bohemia,139012.0,59.0,41.0,8.0,3.0,10.0,61.9,8363.0,2.52,3.49,108.0,2564,2799.0,6936,6936.0,OWNER,1.0,,,,595227,590227,0
6992.0,9790.0,960727.0,133968.0,48.0,2791.0,1.0,52.0,monthly issuance,951109.0,79.0,15.0,,32.0,,24.0,51.0,5.0,23.0,9939.87,46772.32,3.0,Usti nad Orlici,east Bohemia,139012.0,59.0,41.0,8.0,3.0,10.0,61.9,8363.0,2.52,3.49,108.0,2564,2799.0,11742,12050.0,OWNER,2.0,1134.0,classic,960531.0,430530,430530,1
5988.0,4851.0,960822.0,141648.0,24.0,5902.0,1.0,52.0,monthly issuance,960204.0,18.0,8.0,,5.0,,,5.0,,13.0,14106.12,45100.42,0.0,Usti nad Orlici,east Bohemia,139012.0,59.0,41.0,8.0,3.0,10.0,61.9,8363.0,2.52,3.49,108.0,2564,2799.0,5858,5858.0,OWNER,2.0,,,,520717,520717,1
6599.0,7859.0,961119.0,72120.0,12.0,6010.0,1.0,52.0,monthly issuance,950314.0,102.0,1.0,,62.0,20.0,,58.0,4.0,40.0,14376.88,75686.07,1.0,Usti nad Orlici,east Bohemia,139012.0,59.0,41.0,8.0,3.0,10.0,61.9,8363.0,2.52,3.49,108.0,2564,2799.0,9409,9717.0,OWNER,2.0,,,,526110,521110,0
5337.0,1886.0,960731.0,162468.0,36.0,4513.0,1.0,32.0,monthly issuance,960305.0,15.0,1.0,,5.0,5.0,,5.0,,10.0,15082.59,51279.55,1.0,Ceska Lipa,north Bohemia,105058.0,32.0,19.0,7.0,2.0,10.0,81.0,9272.0,2.80,3.22,118.0,4340,4505.0,2288,2288.0,OWNER,2.0,,,,575823,570823,0
5088.0,544.0,960822.0,91152.0,24.0,3798.0,1.0,32.0,monthly issuance,950515.0,77.0,2.0,1.0,45.0,15.0,,43.0,3.0,31.0,9452.94,44829.54,1.0,Ceska Lipa,north Bohemia,105058.0,32.0,19.0,7.0,2.0,10.0,81.0,9272.0,2.80,3.22,118.0,4340,4505.0,655,655.0,OWNER,1.0,119.0,classic,960808.0,421210,421210,1
5161.0,1012.0,941028.0,98184.0,24.0,4091.0,1.0,65.0,monthly issuance,940709.0,14.0,1.0,,3.0,4.0,,3.0,,11.0,9311.16,41660.39,1.0,Znojmo,south Moravia,114200.0,101.0,41.0,4.0,1.0,4.0,43.7,8403.0,5.74,5.72,105.0,2157,2718.0,1216,1216.0,OWNER,1.0,,,,455612,450612,0
6955.0,9627.0,951122.0,244368.0,48.0,5091.0,1.0,65.0,issuance after transaction,940722.0,144.0,49.0,,80.0,,,76.0,4.0,64.0,17859.13,75924.24,0.0,Znojmo,south Moravia,114200.0,101.0,41.0,4.0,1.0,4.0,43.7,8403.0,5.74,5.72,105.0,2157,2718.0,11543,11851.0,OWNER,1.0,,,,700402,700402,1
7213.0,10884.0,960213.0,113544.0,36.0,3154.0,1.0,65.0,monthly issuance,950220.0,71.0,4.0,,31.0,11.0,14.0,43.0,2.0,26.0,6453.48,33990.42,3.0,Znojmo,south Moravia,114200.0,101.0,41.0,4.0,1.0,4.0,43.7,8403.0,5.74,5.72,105.0,2157,2718.0,13072,13380.0,OWNER,1.0,,,,420918,420918,1
5470.0,2456.0,960415.0,200976.0,48.0,4187.0,1.0,65.0,monthly issuance,950909.0,35.0,2.0,,15.0,8.0,3.0,17.0,1.0,17.0,11032.89,47938.07,2.0,Znojmo,south Moravia,114200.0,101.0,41.0,4.0,1.0,4.0,43.7,8403.0,5.74,5.72,105.0,2157,2718.0,2966,2966.0,OWNER,1.0,,,,550220,550220,1
6694.0,8316.0,950319.0,134784.0,24.0,5616.0,1.0,70.0,monthly issuance,940604.0,55.0,13.0,,25.0,,,23.0,2.0,30.0,9329.63,44005.11,0.0,Karvina,north Moravia,285387.0,0.0,2.0,8.0,5.0,7.0,89.9,10177.0,6.63,7.75,81.0,9878,10108.0,9961,10269.0,OWNER,1.0,,,,405511,400511,0
7263.0,11138.0,960119.0,89880.0,24.0,3745.0,1.0,70.0,weekly issuance,950818.0,29.0,8.0,,16.0,,,16.0,,13.0,13517.22,62571.28,0.0,Karvina,north Moravia,285387.0,0.0,2.0,8.0,5.0,7.0,89.9,10177.0,6.63,7.75,81.0,9878,10108.0,13382,13690.0,OWNER,1.0,,,,630516,630516,1
6816.0,9017.0,960326.0,100224.0,48.0,2088.0,-1.0,70.0,monthly issuance,951122.0,18.0,2.0,,3.0,4.0,,3.0,,15.0,4932.62,28124.93,1.0,Karvina,north Moravia,285387.0,0.0,2.0,8.0,5.0,7.0,89.9,10177.0,6.63,7.75,81.0,9878,10108.0,10797,11105.0,OWNER,1.0,,,,575201,570201,0
5452.0,2352.0,960429.0,49440.0,60.0,824.0,1.0,70.0,monthly issuance,950121.0,110.0,17.0,,47.0,,32.0,79.0,,31.0,5547.67,47798.87,3.0,Karvina,north Moravia,285387.0,0.0,2.0,8.0,5.0,7.0,89.9,10177.0,6.63,7.75,81.0,9878,10108.0,2843,2843.0,OWNER,1.0,,,,666006,661006,0
6190.0,5794.0,960506.0,123600.0,60.0,2060.0,1.0,70.0,monthly issuance,950714.0,49.0,10.0,,29.0,,,27.0,2.0,20.0,9121.31,39514.68,0.0,Karvina,north Moravia,285387.0,0.0,2.0,8.0,5.0,7.0,89.9,10177.0,6.63,7.75,81.0,9878,10108.0,7010,7010.0,OWNER,2.0,,,,670630,670630,1
6921.0,9422.0,961029.0,86184.0,12.0,7182.0,1.0,70.0,monthly issuance,960306.0,42.0,1.0,,20.0,8.0,6.0,22.0,4.0,16.0,16523.6,59935.27,3.0,Karvina,north Moravia,285387.0,0.0,2.0,8.0,5.0,7.0,89.9,10177.0,6.63,7.75,81.0,9878,10108.0,11288,11596.0,OWNER,1.0,,,,406204,401204,0
5366.0,2062.0,961029.0,86184.0,12.0,7182.0,1.0,70.0,monthly issuance,960306.0,42.0,1.0,,20.0,8.0,6.0,22.0,4.0,16.0,16607.01,60273.68,3.0,Karvina,north Moravia,285387.0,0.0,2.0,8.0,5.0,7.0,89.9,10177.0,6.63,7.75,81.0,9878,10108.0,2501,2501.0,OWNER,1.0,,,,406204,401204,0
6805.0,8972.0,961221.0,45024.0,48.0,938.0,1.0,70.0,monthly issuance,960521.0,39.0,8.0,,13.0,,6.0,19.0,,20.0,7779.82,41994.91,2.0,Karvina,north Moravia,285387.0,0.0,2.0,8.0,5.0,7.0,89.9,10177.0,6.63,7.75,81.0,9878,10108.0,10742,11050.0,OWNER,1.0,,,,575504,570504,0
5861.0,4337.0,941208.0,51408.0,24.0,2142.0,1.0,29.0,monthly issuance,931116.0,64.0,19.0,,33.0,,,31.0,2.0,31.0,13410.82,52299.29,0.0,Rokycany,west Bohemia,45714.0,52.0,10.0,5.0,1.0,6.0,55.6,8843.0,2.82,3.6,113.0,818,888.0,5224,5224.0,OWNER,1.0,,,,490724,490724,1
5418.0,2245.0,950116.0,347952.0,48.0,7249.0,1.0,29.0,monthly issuance,930330.0,120.0,31.0,,70.0,,,59.0,11.0,50.0,13441.43,54157.19,0.0,Rokycany,west Bohemia,45714.0,52.0,10.0,5.0,1.0,6.0,55.6,8843.0,2.82,3.6,113.0,818,888.0,2719,2719.0,OWNER,1.0,,,,646030,641030,0
6704.0,8377.0,950601.0,417060.0,60.0,6951.0,1.0,29.0,monthly issuance,931120.0,74.0,22.0,,25.0,,8.0,33.0,,41.0,10583.99,58445.03,2.0,Rokycany,west Bohemia,45714.0,52.0,10.0,5.0,1.0,6.0,55.6,8843.0,2.82,3.6,113.0,818,888.0,10042,10350.0,OWNER,2.0,,,,615914,610914,0
5625.0,3189.0,961215.0,222180.0,60.0,3703.0,-1.0,29.0,monthly issuance,951129.0,59.0,16.0,,31.0,,,30.0,1.0,28.0,11725.49,55230.44,0.0,Rokycany,west Bohemia,45714.0,52.0,10.0,5.0,1.0,6.0,55.6,8843.0,2.82,3.6,113.0,818,888.0,3855,3855.0,OWNER,1.0,,,,390320,390320,1
5132.0,817.0,950217.0,538500.0,60.0,8975.0,1.0,5.0,monthly issuance,940318.0,58.0,12.0,,29.0,,7.0,36.0,,22.0,8499.93,33687.86,1.0,Kolin,central Bohemia,95616.0,65.0,30.0,4.0,1.0,6.0,51.4,9307.0,3.85,4.43,118.0,2616,3040.0,981,981.0,OWNER,1.0,,,,600628,600628,1
6153.0,5632.0,950725.0,285600.0,60.0,4760.0,1.0,5.0,weekly issuance,941115.0,49.0,17.0,,25.0,,,18.0,7.0,24.0,10411.72,49651.89,0.0,Kolin,central Bohemia,95616.0,65.0,30.0,4.0,1.0,6.0,51.4,9307.0,3.85,4.43,118.0,2616,3040.0,6803,6803.0,OWNER,2.0,,,,806207,801207,0
6471.0,7184.0,960804.0,155640.0,24.0,6485.0,1.0,5.0,monthly issuance,950619.0,105.0,14.0,,42.0,,36.0,78.0,,27.0,5793.88,45183.35,4.0,Kolin,central Bohemia,95616.0,65.0,30.0,4.0,1.0,6.0,51.4,9307.0,3.85,4.43,118.0,2616,3040.0,8670,8670.0,OWNER,1.0,,,,435107,430107,0
7189.0,10728.0,960321.0,154656.0,48.0,3222.0,1.0,71.0,monthly issuance,941223.0,89.0,3.0,,47.0,15.0,10.0,53.0,4.0,32.0,6653.9,31791.33,2.0,Novy Jicin,north Moravia,161227.0,5.0,35.0,11.0,4.0,10.0,69.7,8678.0,5.93,5.57,102.0,4980,4595.0,12882,13190.0,OWNER,1.0,,,,561128,561128,1
6315.0,6472.0,950206.0,43164.0,12.0,3597.0,1.0,61.0,monthly issuance,940208.0,69.0,2.0,,43.0,12.0,,40.0,3.0,26.0,14188.26,68377.06,1.0,Trebic,south Moravia,117897.0,139.0,28.0,5.0,1.0,6.0,53.8,8814.0,4.76,5.74,107.0,2112,2059.0,7814,7814.0,OWNER,1.0,,,,765106,760106,0
6151.0,5628.0,950425.0,225420.0,60.0,3757.0,1.0,61.0,monthly issuance,940617.0,51.0,13.0,,29.0,,,29.0,,22.0,5452.34,31185.16,0.0,Trebic,south Moravia,117897.0,139.0,28.0,5.0,1.0,6.0,53.8,8814.0,4.76,5.74,107.0,2112,2059.0,6798,6798.0,OWNER,1.0,,,,485803,480803,0
6965.0,9656.0,950613.0,139536.0,24.0,5814.0,1.0,61.0,monthly issuance,931114.0,165.0,48.0,,81.0,,17.0,87.0,11.0,67.0,14454.31,63889.87,1.0,Trebic,south Moravia,117897.0,139.0,28.0,5.0,1.0,6.0,53.8,8814.0,4.76,5.74,107.0,2112,2059.0,11578,11886.0,OWNER,1.0,,,,415913,410913,0
7305.0,11359.0,960806.0,54024.0,12.0,4502.0,1.0,61.0,monthly issuance,941001.0,147.0,1.0,2.0,66.0,22.0,34.0,101.0,1.0,45.0,8708.72,36480.19,3.0,Trebic,south Moravia,117897.0,139.0,28.0,5.0,1.0,6.0,53.8,8814.0,4.76,5.74,107.0,2112,2059.0,13660,13968.0,OWNER,1.0,1247.0,classic,950613.0,680413,680413,1
6294.0,6353.0,950212.0,79920.0,60.0,1332.0,1.0,26.0,monthly issuance,931126.0,95.0,15.0,,46.0,,20.0,66.0,,29.0,7707.41,43846.98,2.0,Plzen - mesto,west Bohemia,170449.0,0.0,0.0,0.0,1.0,1.0,100.0,10787.0,2.64,3.09,131.0,6041,6261.0,7672,7672.0,OWNER,1.0,,,,530405,530405,1
6676.0,8159.0,950613.0,29784.0,24.0,1241.0,1.0,26.0,monthly issuance,950208.0,12.0,6.0,,3.0,,,3.0,,9.0,6943.35,27626.08,0.0,Plzen - mesto,west Bohemia,170449.0,0.0,0.0,0.0,1.0,1.0,100.0,10787.0,2.64,3.09,131.0,6041,6261.0,9768,10076.0,OWNER,2.0,,,,696225,691225,0
5350.0,1967.0,960421.0,249312.0,48.0,5194.0,1.0,26.0,weekly issuance,950213.0,60.0,17.0,,24.0,,6.0,30.0,,30.0,9995.91,35914.85,1.0,Plzen - mesto,west Bohemia,170449.0,0.0,0.0,0.0,1.0,1.0,100.0,10787.0,2.64,3.09,131.0,6041,6261.0,2392,2392.0,OWNER,1.0,,,,550521,550521,1
6169.0,5700.0,950316.0,103680.0,60.0,1728.0,-1.0,42.0,monthly issuance,930720.0,109.0,25.0,,65.0,,,65.0,,44.0,3896.38,28250.11,0.0,Havlickuv Brod,east Bohemia,95907.0,87.0,25.0,5.0,2.0,7.0,59.1,8388.0,2.41,2.94,87.0,1658,1668.0,6895,6895.0,OWNER,1.0,,,,710624,710624,1
5999.0,4907.0,960103.0,98832.0,48.0,2059.0,1.0,42.0,monthly issuance,940206.0,177.0,27.0,,72.0,,55.0,127.0,,50.0,4382.09,31814.27,3.0,Havlickuv Brod,east Bohemia,95907.0,87.0,25.0,5.0,2.0,7.0,59.1,8388.0,2.41,2.94,87.0,1658,1668.0,5928,5928.0,OWNER,1.0,,,,705910,700910,0
5453.0,2361.0,950401.0,156672.0,36.0,4352.0,1.0,28.0,monthly issuance,940225.0,75.0,24.0,,30.0,,8.0,38.0,,37.0,3313.36,22927.5,1.0,Plzen - sever,west Bohemia,72541.0,66.0,26.0,10.0,0.0,8.0,36.9,8594.0,1.62,2.01,112.0,1580,1525.0,2853,2853.0,OWNER,1.0,,,,565425,560425,0
5310.0,1762.0,950428.0,248148.0,36.0,6893.0,1.0,28.0,monthly issuance,931211.0,120.0,22.0,,50.0,,33.0,83.0,,37.0,5453.37,36063.79,3.0,Plzen - sever,west Bohemia,72541.0,66.0,26.0,10.0,0.0,8.0,36.9,8594.0,1.62,2.01,112.0,1580,1525.0,2136,2136.0,OWNER,1.0,,,,405724,400724,0
5311.0,1766.0,960615.0,30060.0,60.0,501.0,1.0,28.0,monthly issuance,940903.0,186.0,24.0,8.0,65.0,,68.0,141.0,,45.0,4858.98,37213.41,4.0,Plzen - sever,west Bohemia,72541.0,66.0,26.0,10.0,0.0,8.0,36.9,8594.0,1.62,2.01,112.0,1580,1525.0,2141,2141.0,OWNER,1.0,337.0,classic,960101.0,510906,510906,1
5693.0,3489.0,950801.0,44088.0,24.0,1837.0,1.0,9.0,monthly issuance,941208.0,32.0,10.0,,12.0,,3.0,15.0,,17.0,6617.94,36548.82,1.0,Nymburk,central Bohemia,81344.0,61.0,23.0,4.0,2.0,6.0,55.3,8899.0,3.39,3.97,149.0,2987,2487.0,4217,4217.0,OWNER,1.0,,,,515625,510625,0
5922.0,4580.0,950805.0,20220.0,12.0,1685.0,1.0,9.0,monthly issuance,940827.0,51.0,14.0,,23.0,,5.0,28.0,,23.0,9715.85,41077.64,1.0,Nymburk,central Bohemia,81344.0,61.0,23.0,4.0,2.0,6.0,55.3,8899.0,3.39,3.97,149.0,2987,2487.0,5521,5521.0,OWNER,1.0,,,,735515,730515,0
6644.0,8039.0,961020.0,93600.0,24.0,3900.0,1.0,9.0,monthly issuance,951217.0,55.0,11.0,,19.0,,15.0,34.0,,21.0,7856.41,40078.71,3.0,Nymburk,central Bohemia,81344.0,61.0,23.0,4.0,2.0,6.0,55.3,8899.0,3.39,3.97,149.0,2987,2487.0,9622,9930.0,OWNER,1.0,,,,720623,720623,1
5959.0,4727.0,950811.0,107640.0,24.0,4485.0,1.0,2.0,monthly issuance,950213.0,23.0,1.0,,9.0,6.0,2.0,11.0,,12.0,17488.55,50214.5,3.0,Benesov,central Bohemia,88884.0,80.0,26.0,6.0,2.0,5.0,46.7,8507.0,1.67,1.85,132.0,2159,2674.0,5701,5701.0,OWNER,1.0,,,,596122,591122,0
6726.0,8492.0,950903.0,85860.0,60.0,1431.0,1.0,2.0,monthly issuance,940629.0,96.0,19.0,,40.0,,9.0,49.0,,47.0,3377.43,30461.4,1.0,Benesov,central Bohemia,88884.0,80.0,26.0,6.0,2.0,5.0,46.7,8507.0,1.67,1.85,132.0,2159,2674.0,10171,10479.0,OWNER,1.0,,,,556020,551020,0
6535.0,7546.0,951102.0,41952.0,12.0,3496.0,1.0,43.0,monthly issuance,940903.0,105.0,3.0,,44.0,14.0,30.0,70.0,4.0,31.0,5890.41,41502.03,3.0,Hradec Kralove,east Bohemia,161854.0,73.0,21.0,6.0,1.0,6.0,76.3,9425.0,1.72,2.5,125.0,4085,3891.0,9038,9346.0,OWNER,1.0,,,,721210,721210,1
6130.0,5541.0,960718.0,32640.0,48.0,680.0,1.0,43.0,monthly issuance,950324.0,107.0,24.0,,46.0,,22.0,68.0,,39.0,2772.76,25906.41,2.0,Hradec Kralove,east Bohemia,161854.0,73.0,21.0,6.0,1.0,6.0,76.3,9425.0,1.72,2.5,125.0,4085,3891.0,6691,6691.0,OWNER,1.0,,,,421015,421015,1
6006.0,4948.0,961115.0,359760.0,60.0,5996.0,1.0,43.0,monthly issuance,950729.0,48.0,17.0,,19.0,,4.0,22.0,1.0,25.0,8082.34,32434.69,1.0,Hradec Kralove,east Bohemia,161854.0,73.0,21.0,6.0,1.0,6.0,76.3,9425.0,1.72,2.5,125.0,4085,3891.0,5977,5977.0,OWNER,1.0,,,,790531,790531,1
6545.0,7606.0,951212.0,191880.0,60.0,3198.0,1.0,21.0,monthly issuance,950315.0,87.0,26.0,,36.0,,16.0,46.0,6.0,35.0,12113.76,53685.79,2.0,Tabor,south Bohemia,103347.0,87.0,16.0,7.0,1.0,7.0,67.0,9104.0,1.51,2.07,123.0,2299,2354.0,9109,9417.0,OWNER,1.0,,,,490308,490308,1
6501.0,7418.0,960429.0,30276.0,12.0,2523.0,-1.0,21.0,monthly issuance,950407.0,92.0,9.0,,34.0,13.0,,32.0,2.0,58.0,5028.05,31318.87,1.0,Tabor,south Bohemia,103347.0,87.0,16.0,7.0,1.0,7.0,67.0,9104.0,1.51,2.07,123.0,2299,2354.0,8888,9196.0,OWNER,1.0,,,,395423,390423,0
4961.0,19.0,960429.0,30276.0,12.0,2523.0,-1.0,21.0,monthly issuance,950407.0,80.0,9.0,,34.0,13.0,,32.0,2.0,46.0,5856.3,25197.09,1.0,Tabor,south Bohemia,103347.0,87.0,16.0,7.0,1.0,7.0,67.0,9104.0,1.51,2.07,123.0,2299,2354.0,25,25.0,OWNER,1.0,,,,395423,390423,0
6043.0,5126.0,960111.0,20352.0,48.0,424.0,1.0,58.0,monthly issuance,950403.0,48.0,13.0,,21.0,,5.0,26.0,,22.0,3609.74,31814.41,1.0,Jihlava,south Moravia,109164.0,98.0,16.0,6.0,1.0,4.0,63.6,8757.0,3.38,3.95,96.0,2212,2471.0,6185,6185.0,OWNER,2.0,,,,485305,480305,0
5482.0,2496.0,960112.0,165120.0,60.0,2752.0,1.0,51.0,monthly issuance,940521.0,116.0,31.0,,51.0,,15.0,66.0,,50.0,3217.27,24377.37,1.0,Trutnov,east Bohemia,121947.0,37.0,28.0,7.0,3.0,11.0,70.5,8541.0,2.51,2.97,131.0,3496,3839.0,3013,3013.0,OWNER,2.0,,,,505318,500318,0
5128.0,808.0,960411.0,215616.0,48.0,4492.0,-1.0,69.0,monthly issuance,950613.0,61.0,12.0,,31.0,,,31.0,,30.0,5273.67,21447.62,0.0,Jesenik,north Moravia,42821.0,4.0,13.0,5.0,1.0,3.0,48.4,8173.0,?,7.01,124.0,?,1358.0,968,968.0,OWNER,1.0,,,,570217,570217,1
5282.0,1583.0,960824.0,388512.0,48.0,8094.0,-1.0,69.0,issuance after transaction,941117.0,120.0,33.0,,66.0,,,58.0,8.0,54.0,7319.42,21371.32,0.0,Jesenik,north Moravia,42821.0,4.0,13.0,5.0,1.0,3.0,48.4,8173.0,?,7.01,124.0,?,1358.0,1917,1917.0,OWNER,1.0,,,,695313,690313,0
6613.0,7926.0,960922.0,84120.0,24.0,3505.0,1.0,69.0,weekly issuance,960609.0,19.0,9.0,,7.0,,,7.0,,12.0,14769.1,56910.69,0.0,Jesenik,north Moravia,42821.0,4.0,13.0,5.0,1.0,3.0,48.4,8173.0,?,7.01,124.0,?,1358.0,9490,9798.0,OWNER,1.0,,,,505302,500302,0
5892.0,4462.0,960514.0,66480.0,24.0,2770.0,-1.0,73.0,weekly issuance,951227.0,10.0,4.0,,3.0,,,3.0,,7.0,13609.12,34798.28,0.0,Opava,north Moravia,182027.0,17.0,49.0,12.0,2.0,7.0,56.4,8746.0,3.33,3.74,90.0,4355,4433.0,5384,5384.0,OWNER,1.0,,,,350721,350721,1
5415.0,2236.0,960926.0,139464.0,36.0,3874.0,-1.0,73.0,monthly issuance,950827.0,31.0,7.0,,12.0,,,12.0,,19.0,8131.07,31532.75,0.0,Opava,north Moravia,182027.0,17.0,49.0,12.0,2.0,7.0,56.4,8746.0,3.33,3.74,90.0,4355,4433.0,2708,2708.0,OWNER,1.0,,,,580812,580812,1
5148.0,940.0,960529.0,284280.0,60.0,4738.0,1.0,37.0,monthly issuance,941115.0,94.0,1.0,,58.0,18.0,,54.0,4.0,36.0,14790.5,64182.64,1.0,Litomerice,north Bohemia,114006.0,71.0,26.0,6.0,2.0,9.0,62.3,9065.0,4.46,5.39,123.0,4147,4166.0,1133,1133.0,OWNER,2.0,,,,585915,580915,0
6667.0,8127.0,960715.0,155880.0,24.0,6495.0,1.0,37.0,monthly issuance,941013.0,142.0,33.0,,75.0,,16.0,83.0,8.0,51.0,12237.18,63263.15,1.0,Litomerice,north Bohemia,114006.0,71.0,26.0,6.0,2.0,9.0,62.3,9065.0,4.46,5.39,123.0,4147,4166.0,9732,10040.0,OWNER,2.0,,,,686030,681030,0
5741.0,3754.0,961103.0,68544.0,24.0,2856.0,1.0,37.0,weekly issuance,960219.0,54.0,1.0,,22.0,8.0,15.0,32.0,5.0,17.0,8948.18,44948.63,5.0,Litomerice,north Bohemia,114006.0,71.0,26.0,6.0,2.0,9.0,62.3,9065.0,4.46,5.39,123.0,4147,4166.0,4529,4529.0,OWNER,2.0,,,,760916,760916,1
5445.0,2322.0,960629.0,46320.0,24.0,1930.0,1.0,33.0,monthly issuance,950102.0,178.0,31.0,,66.0,,64.0,127.0,3.0,48.0,8064.27,43657.81,3.0,Decin,north Bohemia,133777.0,24.0,17.0,7.0,3.0,11.0,84.7,8705.0,5.75,7.61,116.0,4650,4859.0,2809,2809.0,OWNER,1.0,,,,790214,790214,1
6751.0,8680.0,960714.0,85716.0,36.0,2381.0,1.0,17.0,monthly issuance,960212.0,19.0,2.0,,4.0,5.0,,4.0,,15.0,7206.16,31337.26,1.0,Pelhrimov,south Bohemia,74062.0,99.0,15.0,4.0,2.0,7.0,61.4,8114.0,2.38,2.62,119.0,1003,1181.0,10394,10702.0,OWNER,2.0,,,,380503,380503,1
6296.0,6358.0,960806.0,270384.0,48.0,5633.0,1.0,3.0,monthly issuance,950527.0,87.0,3.0,,45.0,15.0,10.0,50.0,5.0,32.0,12403.51,47654.24,2.0,Beroun,central Bohemia,75232.0,55.0,26.0,4.0,1.0,5.0,41.7,8980.0,1.95,2.21,111.0,2824,2813.0,7678,7678.0,OWNER,1.0,,,,620407,620407,1
7246.0,11054.0,960820.0,148920.0,60.0,2482.0,1.0,59.0,weekly issuance,960201.0,31.0,3.0,,12.0,7.0,3.0,14.0,1.0,16.0,7832.08,32435.32,2.0,Kromeriz,south Moravia,108871.0,41.0,29.0,7.0,2.0,6.0,62.1,8444.0,3.24,3.47,106.0,2595,2305.0,13282,13590.0,OWNER,1.0,,,,770803,770803,1
5606.0,3084.0,960828.0,253512.0,36.0,7042.0,-1.0,59.0,weekly issuance,960128.0,29.0,8.0,,15.0,,,13.0,2.0,14.0,11379.26,37095.84,0.0,Kromeriz,south Moravia,108871.0,41.0,29.0,7.0,2.0,6.0,62.1,8444.0,3.24,3.47,106.0,2595,2305.0,3730,3730.0,OWNER,1.0,,,,455807,450807,0
7036.0,10019.0,960925.0,194940.0,36.0,5415.0,1.0,8.0,monthly issuance,950615.0,91.0,23.0,,53.0,,,52.0,1.0,38.0,12668.32,56669.79,0.0,Mlada Boleslav,central Bohemia,112065.0,95.0,19.0,7.0,1.0,8.0,69.4,11277.0,1.25,1.44,127.0,5179,4987.0,12017,12325.0,OWNER,1.0,,,,641030,641030,1
6015.0,5001.0,961109.0,110112.0,24.0,4588.0,1.0,53.0,monthly issuance,951215.0,82.0,27.0,,39.0,,6.0,41.0,4.0,37.0,17234.72,76232.7,1.0,Blansko,south Moravia,107911.0,88.0,33.0,6.0,2.0,7.0,50.9,8240.0,2.53,3.56,99.0,1850,1903.0,6042,6042.0,OWNER,1.0,,,,631012,631012,1
